time,latitude,longitude,depth,mag,magType,nst,gap,dmin,rms,net,id,updated,place,type,horizontalError,depthError,magError,magNst,status,locationSource,magSource
2023-12-02T16:03:41.148Z,8.4348,126.7519,35,6.4,mww,125,65,1.786,0.93,us,us7000lfi0,2024-01-07T20:18:13.986Z,"46 km NE of Barcelona, Philippines",earthquake,8.86,1.821,0.065,23,reviewed,us,us
2023-10-16T11:35:30.449Z,52.5592,-176.924,174,6.4,mww,173,29,0.613,1.04,us,us6000lfvn,2024-01-22T11:45:42.598Z,"78 km NNW of Adak, Alaska",earthquake,6.09,1.891,0.04,61,reviewed,us,us
2023-10-04T11:21:47.730Z,5.3171,126.0438,113,6.4,mww,257,23,1.801,0.88,us,us6000lcri,2023-12-21T07:32:46.409Z,"65 km E of Sarangani, Philippines",earthquake,6.22,1.901,0.037,71,reviewed,us,us
2023-07-26T12:44:35.646Z,-14.74,167.9135,13,6.4,mww,198,27,6.734,0.62,us,us6000kvmq,2023-09-30T21:36:31.040Z,"96 km ENE of Port-Olry, Vanuatu",earthquake,7.37,1.722,0.053,34,reviewed,us,us
2023-06-18T20:30:21.227Z,23.1671,-108.6922,4,6.4,mww,101,100,1.261,0.73,us,us7000k9f0,2023-08-26T20:54:15.040Z,"Gulf of California",earthquake,5.68,1.597,0.033,88,reviewed,us,us
2023-05-17T23:01:59.919Z,15.1066,-90.8052,252,6.4,mww,349,37,1.556,0.86,us,us6000kcnb,2023-07-24T01:16:20.040Z,"8 km SE of Canillá, Guatemala",earthquake,6.92,1.674,0.024,174,reviewed,us,us
2023-03-22T16:00:34.663Z,-23.4224,-66.4954,228,6.4,mww,249,23,1.618,0.91,us,us7000jlxu,2023-05-26T21:54:12.040Z,"86 km WSW of El Aguilar, Argentina",earthquake,8.26,1.855,0.044,50,reviewed,us,us
2023-01-24T18:36:58.973Z,-26.7196,-63.1128,580,6.4,mww,295,16,5.194,0.8,us,us6000jiyj,2023-04-11T18:51:29.040Z,"Santiago del Estero, Argentina",earthquake,8.33,1.861,0.035,79,reviewed,us,us
2022-12-20T10:34:24.770Z,40.525,-124.423,17.91,6.4,mw,38,214,0.0818,0.18,nc,nc73821036,2023-12-13T02:59:56.915Z,"15km WSW of Ferndale, CA",earthquake,0.67,0.4,,0,reviewed,nc,nc
2022-10-25T14:59:00.085Z,17.6609,120.8147,6,6.4,mww,124,25,5.137,0.55,us,us6000iwds,2023-06-07T07:51:43.943Z,"11 km E of Dolores, Philippines",earthquake,7.31,1.778,0.05,38,reviewed,us,us
2022-10-13T22:20:20.620Z,-4.812,153.5906,72,6.4,mww,129,20,1.55,0.65,us,us6000itgv,2022-12-17T22:54:03.040Z,"155 km ESE of Kokopo, Papua New Guinea",earthquake,5.07,1.754,0.049,40,reviewed,us,us
2022-08-14T21:04:44.737Z,-22.0781,170.966,78,6.4,mww,126,31,3.301,0.65,us,us6000iav7,2024-01-18T16:43:33.458Z,"southeast of the Loyalty Islands",earthquake,7.75,1.857,0.039,62,reviewed,us,us
2022-07-15T19:37:22.791Z,-44.6215,-79.6496,24.499,6.4,mww,132,80,5.721,0.81,us,us6000i2v0,2022-09-24T21:25:32.040Z,"Off the coast of Aisen, Chile",earthquake,9.64,3.526,0.05,38,reviewed,us,us
2022-06-04T13:17:48.196Z,-57.7238,148.6769,10,6.4,mww,247,39,6.594,0.63,us,us7000hexr,2022-08-13T21:52:47.040Z,"west of Macquarie Island",earthquake,9.3,1.7,0.098,10,reviewed,us,us
2022-03-31T19:50:40.985Z,-22.6577,170.8084,20,6.4,mww,,33,3.106,0.97,us,us7000gysz,2022-08-06T07:29:19.737Z,"southeast of the Loyalty Islands",earthquake,7.9,1.8,0.034,81,reviewed,us,us
2022-03-13T21:05:49.469Z,14.096,119.3811,11,6.4,mww,,28,8.823,0.88,us,us6000h48d,2022-05-27T14:55:19.040Z,"75 km WNW of Cabra, Philippines",earthquake,6.7,1.7,0.033,87,reviewed,us,us
2021-11-14T12:08:38.812Z,27.7266,56.0716,10,6.4,mwb,,52,2.772,0.9,us,us7000fu12,2022-07-01T23:37:15.394Z,"63 km NNW of Bandar Abbas, Iran",earthquake,7.4,1.8,0.029,118,reviewed,us,us
2021-10-15T02:44:59.320Z,-8.8783,158.4642,33,6.4,mww,,20,1.566,0.98,us,us6000furk,2021-12-25T22:58:34.040Z,"148 km WSW of Buala, Solomon Islands",earthquake,6.5,1.8,0.048,42,reviewed,us,us
2021-10-12T09:24:05.099Z,35.1691,26.2152,20,6.4,mww,,19,0.86,0.46,us,us6000ftxu,2023-08-12T13:32:34.542Z,"4 km SW of Palekastro, Greece",earthquake,6.1,1.8,0.048,42,reviewed,us,us
2021-09-21T13:14:32.025Z,-36.7771,-73.9329,18.8,6.4,mww,,110,2.14,0.7,us,us7000fd4k,2021-12-07T15:14:16.474Z,"73 km W of Talcahuano, Chile",earthquake,6.2,3,0.043,52,reviewed,us,us
2021-08-31T02:52:50.513Z,-29.9211,-177.3798,16,6.4,mww,,31,0.808,0.64,us,us7000f60j,2021-11-06T20:28:42.040Z,"Kermadec Islands, New Zealand",earthquake,6.8,1.7,0.045,48,reviewed,us,us
2021-04-01T09:56:37.651Z,-29.961,-177.6758,20,6.4,mww,,30,0.746,1.4,us,us6000dy64,2021-06-08T17:59:34.040Z,"Kermadec Islands, New Zealand",earthquake,3.9,1.8,0.05,39,reviewed,us,us
2021-01-19T02:46:22.380Z,-31.8334,-68.7992,20.81,6.4,mww,,22,0.303,0.95,us,us7000d18q,2022-09-25T00:34:58.873Z,"26 km SW of Pocito, Argentina",earthquake,2.9,3.6,0.055,32,reviewed,us,us
2020-12-29T11:19:54.762Z,45.4244,16.2573,10,6.4,mww,,13,0.941,0.75,us,us6000d3zh,2023-11-21T19:23:39.177Z,"2 km WSW of Petrinja, Croatia",earthquake,4.4,1.8,0.033,89,reviewed,us,us
2020-12-01T16:22:39.923Z,52.7551,-168.2401,23,6.4,mww,,61,0.64,0.75,us,us7000clnv,2024-01-17T22:18:24.981Z,"46 km ESE of Nikolski, Alaska",earthquake,3.3,1.7,0.025,150,reviewed,us,us
2020-11-30T22:54:34.601Z,48.2521,140.7971,589,6.4,mww,,26,1.854,0.94,us,us7000clbu,2021-11-16T05:35:29.475Z,"88 km SSE of Sovetskaya Gavan’, Russia",earthquake,6,1.9,0.04,60,reviewed,us,us
2020-10-01T01:13:36.524Z,-19.5385,-174.1217,28,6.4,mww,,20,3.988,0.63,us,us6000c3kz,2022-03-10T05:41:13.341Z,"39 km NE of Pangai, Tonga",earthquake,8.4,1.8,0.053,34,reviewed,us,us
2020-09-15T03:41:28.036Z,55.9733,158.3783,344,6.4,mww,,25,2.898,0.68,us,us7000bnd1,2021-11-17T03:22:17.017Z,"21 km WNW of Esso, Russia",earthquake,5.9,1.8,0.028,120,reviewed,us,us
2020-08-05T12:05:36.589Z,-16.0944,168.065,181.88,6.4,mww,,24,1.05,0.78,us,us6000b9mv,2020-10-21T22:03:52.040Z,"69 km E of Lakatoro, Vanuatu",earthquake,7.6,2.9,0.034,83,reviewed,us,us
2020-08-01T17:09:01.952Z,7.2932,124.1331,483,6.4,mww,,13,1.451,1.04,us,us6000b80p,2022-08-08T23:49:57.844Z,"11 km SW of Polloc, Philippines",earthquake,7.4,1.9,0.027,129,reviewed,us,us
2020-07-26T00:53:59.061Z,-60.7833,-25.413,10,6.4,mww,,20,8.818,0.57,us,us6000b46r,2020-10-03T17:32:23.040Z,"South Sandwich Islands region",earthquake,8.7,1.7,0.046,45,reviewed,us,us
2020-06-04T08:49:40.397Z,2.911,128.248,112.86,6.4,mww,,20,2.3,0.86,us,us6000a5r3,2022-03-10T05:20:20.096Z,"133 km NNE of Tobelo, Indonesia",earthquake,6.4,4.7,0.055,32,reviewed,us,us
2020-03-14T10:01:17.118Z,-27.367,-175.6102,11,6.4,mww,,22,2.771,0.8,us,us60008fl8,2022-08-08T18:43:39.003Z,"Kermadec Islands region",earthquake,7.9,1.7,0.048,42,reviewed,us,us
2020-01-09T08:38:08.278Z,62.358,171.0611,10,6.4,mww,,21,6.048,0.77,us,us70006wuf,2021-08-27T12:01:13.723Z,"Chukotskiy Avtonomnyy Okrug, Russia",earthquake,6.9,1.5,0.052,36,reviewed,us,us
2020-01-07T08:24:25.262Z,17.8686,-66.8266,8.95,6.4,mww,,25,0.117,0.64,us,us70006vll,2024-01-02T19:12:00.641Z,"13 km SSE of Maria Antonia, Puerto Rico",earthquake,2.5,2.1,0.049,40,reviewed,us,us
2019-11-26T02:54:12.872Z,41.5138,19.5256,22,6.4,mww,,17,0.936,0.61,us,us70006d0m,2023-12-01T16:13:25.497Z,"15 km WSW of Mamurras, Albania",earthquake,4.3,1.8,0.037,72,reviewed,us,us
2019-10-21T02:52:29.674Z,-19.0184,169.4883,231,6.4,mww,,23,2.806,0.91,us,us70005wj6,2020-01-03T16:09:41.040Z,"61 km NNE of Isangel, Vanuatu",earthquake,7.1,0.8,0.035,78,reviewed,us,us
2019-10-16T11:37:06.342Z,6.7147,125.007,16.12,6.4,mww,,33,0.668,0.85,us,us70005ulm,2023-07-23T14:35:54.903Z,"7 km ENE of Columbio, Philippines",earthquake,6.4,4.2,0.043,53,reviewed,us,us
2019-07-04T17:33:49.000Z,35.7053333,-117.5038333,10.5,6.4,mw,62,47,0.1233,0.16,ci,ci38443183,2023-11-21T19:13:15.781Z,"Ridgecrest Earthquake Sequence",earthquake,0.15,0.36,,6,reviewed,ci,ci
2019-06-28T15:51:31.302Z,19.8515,144.3477,410,6.4,mww,,26,4.787,1.16,us,us700046la,2021-06-13T16:33:53.176Z,"Maug Islands region, Northern Mariana Islands",earthquake,7.9,1.9,0.043,53,reviewed,us,us
2019-06-25T09:05:40.478Z,56.202,164.2327,10,6.4,mww,,55,4.546,0.57,us,us600045mz,2020-07-10T17:31:24.456Z,"108 km E of Ust’-Kamchatsk Staryy, Russia",earthquake,6.7,1.8,0.033,90,reviewed,us,us
2019-06-19T07:01:45.433Z,-30.5243,-177.8482,30,6.4,mww,,45,1.276,1.34,us,us600042vn,2019-09-11T15:19:12.040Z,"Kermadec Islands, New Zealand",earthquake,7.6,1.8,0.055,32,reviewed,us,us
2019-06-18T13:22:19.010Z,38.6391,139.4769,12,6.4,mww,,33,1.288,0.87,us,us600042fx,2022-04-06T05:39:26.974Z,"31 km WSW of Tsuruoka, Japan",earthquake,5.5,1.8,0.048,42,reviewed,us,us
2019-06-14T00:19:12.401Z,-30.0557,-72.0819,11,6.4,mww,,30,0.727,0.87,us,us600040ja,2020-12-18T19:22:57.753Z,"72 km W of Coquimbo, Chile",earthquake,4.1,1.6,0.035,80,reviewed,us,us
2019-06-04T04:39:16.961Z,29.0665,139.289,422,6.4,mww,,21,3.224,0.85,us,us70003v3j,2019-08-27T17:47:26.040Z,"Izu Islands, Japan region",earthquake,8.4,1.9,0.036,75,reviewed,us,us
2019-04-23T05:37:53.147Z,11.7547,125.2013,56,6.4,mww,,15,4.67,1.07,us,us70003aj3,2021-05-06T05:34:27.306Z,"17 km ESE of Tutubigan, Philippines",earthquake,7,1.9,0.042,54,reviewed,us,us
2019-04-05T16:14:16.716Z,-55.9308,-27.8522,57,6.4,mww,,31,5.225,0.86,us,us2000kav9,2019-06-18T15:50:26.040Z,"South Sandwich Islands region",earthquake,8.5,1.8,0.047,44,reviewed,us,us
2019-04-02T21:35:30.049Z,52.1702,178.0709,7.98,6.4,mww,,19,1.94,0.55,us,us2000k9d7,2021-09-07T05:57:42.475Z,"Rat Islands, Aleutian Islands, Alaska",earthquake,6.4,2.5,0.031,101,reviewed,us,us
2019-03-06T15:46:14.900Z,-32.0238,-177.8845,29,6.4,mww,,29,7.868,0.92,us,us1000jb8d,2019-05-24T21:21:08.040Z,"south of the Kermadec Islands",earthquake,10.1,1.8,0.039,64,reviewed,us,us
2019-02-17T14:35:55.840Z,-3.3412,152.1319,368.12,6.4,mww,,23,0.845,1.39,us,us2000jj68,2022-04-08T06:04:02.379Z,"95 km N of Rabaul, Papua New Guinea",earthquake,8.8,3.3,0.04,60,reviewed,us,us
2018-12-23T23:08:43.440Z,-20.2855,-175.071,113,6.4,mww,,20,4.993,0.89,us,us2000iwvb,2022-08-08T10:57:26.674Z,"91 km SW of Pangai, Tonga",earthquake,7.8,1.8,0.053,34,reviewed,us,us
2018-12-01T13:27:21.080Z,-7.3841,128.7065,136,6.4,mww,,20,2.637,0.93,us,us1000hzjp,2022-05-03T19:58:20.497Z,"226 km NE of Lospalos, Timor Leste",earthquake,7.2,1.9,0.043,52,reviewed,us,us
2018-11-15T20:02:22.920Z,-56.7065,-25.546,15,6.4,mww,,26,6.674,0.76,us,us1000hsaf,2022-05-03T19:43:21.568Z,"South Sandwich Islands region",earthquake,9.2,1.7,0.05,39,reviewed,us,us
2018-08-28T22:35:13.410Z,16.8044,146.8395,55,6.4,mww,,15,1.854,0.94,us,us1000gj78,2022-05-03T19:29:29.221Z,"211 km NNE of Saipan, Northern Mariana Islands",earthquake,7.8,1.9,0.05,39,reviewed,us,us
2018-08-19T04:28:58.700Z,-16.9783,-178.0332,415.6,6.4,mb,,17,3.814,0.95,us,us1000gcwt,2022-05-03T19:43:27.517Z,"284 km ESE of Labasa, Fiji",earthquake,7.8,4.6,0.022,790,reviewed,us,us
2018-08-12T14:58:53.503Z,69.5762,-145.291,15.8,6.4,mw,,,,1.31,ak,ak018aap2cqu,2023-08-16T13:36:41.277Z,"89 km SW of Kaktovik, Alaska",earthquake,,0.2,,,reviewed,ak,ak
2018-07-28T22:47:38.740Z,-8.2395,116.508,14,6.4,mww,,14,2.342,1.15,us,us2000ggbs,2022-05-03T19:45:52.527Z,"33 km NNW of Labuan Lombok, Indonesia",earthquake,3.6,1.6,0.054,33,reviewed,us,us
2018-07-13T09:46:49.070Z,-18.9279,169.0467,167,6.4,mww,,19,2.505,0.96,us,us2000g3up,2022-05-03T19:22:05.314Z,"72 km NNW of Isangel, Vanuatu",earthquake,7.3,1.8,0.037,71,reviewed,us,us
2018-03-25T20:14:47.690Z,-6.6343,129.8172,169,6.4,mww,,13,1.988,1.09,us,us1000d8xh,2022-05-03T19:09:10.039Z,"Banda Sea",earthquake,6.5,0.7,0.033,87,reviewed,us,us
2018-02-06T15:50:43.320Z,24.1338,121.6586,17,6.4,mww,,34,0.07,0.91,us,us1000chhc,2023-12-18T17:00:58.087Z,"18 km NNE of Hualien City, Taiwan",earthquake,3.9,1.7,0.047,44,reviewed,us,us
2017-12-08T00:22:54.200Z,10.1164,140.2197,12.79,6.4,mww,,13,5.711,0.76,us,us2000c1wt,2022-05-03T18:44:23.526Z,"50 km NW of Fais, Micronesia",earthquake,2.1,2.8,0.041,58,reviewed,us,us
2017-11-17T22:34:19.450Z,29.8333,94.9838,8,6.4,mww,,13,3.355,0.76,us,us2000bqsn,2022-05-03T20:02:37.973Z,"156 km NNE of Shi Yomi, India",earthquake,7,1.7,0.043,52,reviewed,us,us
2017-09-26T04:20:00.260Z,-23.5815,-176.8371,96,6.4,mww,,14,7.846,0.98,us,us2000autd,2022-08-07T18:39:59.536Z,"south of the Fiji Islands",earthquake,8.2,1.8,0.046,46,reviewed,us,us
2017-09-20T20:09:49.610Z,-18.7854,169.0946,197,6.4,mww,,18,2.641,0.99,us,us2000as2f,2022-08-07T18:11:00.253Z,"85 km NNW of Isangel, Vanuatu",earthquake,7.6,1.9,0.05,39,reviewed,us,us
2017-08-19T02:00:52.550Z,-17.9609,-178.8406,544,6.4,mww,,10,2.966,0.96,us,us2000a9n1,2022-05-03T19:55:32.136Z,"195 km E of Levuka, Fiji",earthquake,8.1,1.9,0.046,46,reviewed,us,us
2017-08-13T03:08:10.560Z,-3.7682,101.6228,31,6.4,mww,,26,1.453,0.9,us,us2000a7q2,2022-08-07T14:38:00.682Z,"71 km W of Bengkulu, Indonesia",earthquake,5.8,1.7,0.057,30,reviewed,us,us
2017-07-18T02:05:19.750Z,-16.4161,-73.6357,43.68,6.4,mww,,49,3.697,0.7,us,us20009x7r,2022-08-07T12:08:57.639Z,"22 km S of Atico, Peru",earthquake,7.2,3.8,0.066,22,reviewed,us,us
2017-07-13T03:36:08.640Z,-4.7787,153.2109,34,6.4,mww,,15,6.435,0.81,us,us20009vvi,2022-05-03T19:54:11.122Z,"115 km ESE of Kokopo, Papua New Guinea",earthquake,7.6,1.5,0.073,18,reviewed,us,us
2017-02-18T12:10:17.970Z,-23.8613,-66.6592,222,6.4,mww,,28,2.415,1.23,us,us20008kn8,2022-05-03T18:11:57.843Z,"52 km NW of San Antonio de los Cobres, Argentina",earthquake,6.9,1.8,0.04,60,reviewed,us,us
2016-12-20T04:21:29.150Z,-10.175,161.2271,20,6.4,mww,,21,1.458,0.87,us,us200082pp,2022-05-03T18:06:25.150Z,"81 km WNW of Kirakira, Solomon Islands",earthquake,8,1.7,,,reviewed,us,us
2016-12-18T13:30:10.680Z,-9.9738,-70.9698,612,6.4,mww,,11,2.812,0.74,us,us200082an,2022-05-03T18:06:18.382Z,"186 km NW of Iñapari, Peru",earthquake,9,1.9,,,reviewed,us,us
2016-11-20T20:57:44.000Z,-31.6226,-68.6259,108,6.4,mww,,59,0.091,0.98,us,us10007az5,2022-05-03T19:49:14.623Z,"7 km NNW of Pocito, Argentina",earthquake,5,1.8,,,reviewed,us,us
2016-09-24T21:07:15.790Z,-18.1706,-174.984,202,6.4,mww,,17,4.879,0.87,us,us10006scl,2022-05-03T18:01:20.062Z,"118 km WNW of Neiafu, Tonga",earthquake,8.2,1.8,,,reviewed,us,us
2016-07-25T19:38:45.560Z,-2.969,148.0345,14,6.4,mww,,12,1.136,0.73,us,us20006hkb,2022-05-03T17:56:05.851Z,"133 km SE of Lorengau, Papua New Guinea",earthquake,6.8,1.7,,,reviewed,us,us
2016-06-26T11:17:11.280Z,39.4793,73.3388,13,6.4,mww,,36,1.187,1.13,us,us200066x9,2022-05-03T19:28:18.215Z,"92 km E of Kyzyl-Eshme, Kyrgyzstan",earthquake,4.7,1.7,,,reviewed,us,us
2016-05-31T05:23:47.310Z,25.5615,122.5458,246.4,6.4,mww,,16,1.115,0.97,us,us20005zay,2022-05-03T18:52:41.556Z,"Taiwan region",earthquake,7.3,3.6,,,reviewed,us,us
2016-05-27T04:08:43.950Z,-20.8101,-178.6481,567.48,6.4,mww,,16,4.359,0.86,us,us20005yd7,2022-05-03T18:41:10.965Z,"Fiji region",earthquake,7.2,3.8,,,reviewed,us,us
2016-04-14T21:50:27.680Z,-14.5284,166.4334,16,6.4,mww,,23,1.178,1.05,us,us20005i6p,2022-08-02T18:24:32.492Z,"89 km NW of Port-Olry, Vanuatu",earthquake,6.4,1.6,,,reviewed,us,us
2016-03-20T22:50:20.430Z,54.294,162.8129,30,6.4,mww,,20,2.785,0.71,us,us20005bbh,2022-08-02T15:14:37.320Z,"216 km S of Ust’-Kamchatsk Staryy, Russia",earthquake,4.5,1.8,,,reviewed,us,us
2016-02-08T16:19:12.780Z,-6.6207,154.7421,29,6.4,mww,,11,5.865,0.63,us,us20004yr0,2022-05-03T19:19:11.352Z,"88 km WSW of Panguna, Papua New Guinea",earthquake,7.7,1.7,,,reviewed,us,us
2016-02-05T19:57:27.380Z,22.9375,120.6014,23,6.4,mww,,14,0.362,1.19,us,us20004y6h,2023-12-18T16:08:52.259Z,"25 km SE of Yujing, Taiwan",earthquake,4.2,1.7,,,reviewed,us,us
2015-09-17T01:41:05.870Z,-31.1043,-71.6504,42.32,6.4,mww,,60,0.429,0.57,us,us20003kcn,2022-08-01T05:49:02.709Z,"70 km SW of Ovalle, Chile",earthquake,5.3,3.8,,,reviewed,us,us
2015-09-16T22:59:15.000Z,-31.618,-71.745,26.7,6.4,mb,,,,0.72,us,us20003k8b,2022-08-07T08:16:37.343Z,"54 km W of Illapel, Chile",earthquake,6,3.6,0.081,60,reviewed,guc,us
2015-08-15T07:47:06.500Z,-10.8968,163.8226,8,6.4,mww,,21,4.08,0.64,us,us100032k6,2022-05-03T18:28:48.895Z,"213 km ESE of Kirakira, Solomon Islands",earthquake,6.3,1.7,,,reviewed,us,us
2015-07-29T02:35:59.449Z,59.8935,-153.1962,119.3,6.4,mw,,,,0.84,ak,ak0159nc9dk8,2023-07-27T14:19:41.141Z,"52 km ENE of Pedro Bay, Alaska",earthquake,,0.2,,,reviewed,ak,ak
2015-07-03T01:07:47.290Z,37.4593,78.1542,20,6.4,mww,,15,4.272,1.03,us,us10002n4w,2022-07-31T16:29:16.737Z,"57 km WNW of Zangguy, China",earthquake,6.7,1.7,,,reviewed,us,us
2015-06-20T02:10:07.100Z,-36.3601,-73.812,11,6.4,mww,,51,2.039,1.03,us,us10002ke8,2022-05-03T17:26:05.245Z,"74 km WNW of Talcahuano, Chile",earthquake,7.1,1.7,,,reviewed,us,us
2015-04-20T01:42:58.380Z,24.2026,122.3158,29,6.4,mww,,11,0.659,1.26,us,us200027ps,2022-08-07T07:57:54.402Z,"75 km WSW of Yonakuni, Japan",earthquake,6,1.7,,,reviewed,us,us
2015-03-30T08:18:01.340Z,-15.392,-172.9409,14.54,6.4,mww,,35,4.659,0.95,us,us10001ryq,2022-07-28T05:18:59.390Z,"110 km NE of Hihifo, Tonga",earthquake,8.5,3,,,reviewed,us,us
2015-03-23T04:51:38.010Z,-18.3534,-69.1663,130,6.4,mww,,35,0.324,1.3,us,us10001ppx,2022-07-28T03:43:24.053Z,"94 km SW of Curahuara de Carangas, Bolivia",earthquake,6.7,1.8,,,reviewed,us,us
2015-02-19T13:18:32.810Z,-16.4311,168.1483,10,6.4,mww,,33,1.335,1.02,us,usc000trf9,2022-05-03T18:22:31.721Z,"Vanuatu",earthquake,6.2,1.7,,,reviewed,us,us
2014-08-23T22:32:23.320Z,-32.6953,-71.4416,32,6.4,mww,,30,0.454,0.88,us,usb000s5rc,2022-08-07T01:17:37.386Z,"23 km WNW of Hacienda La Calera, Chile",earthquake,4.9,1.7,,,reviewed,us,us
2014-06-29T15:52:23.050Z,-14.7798,-175.2589,9,6.4,mww,,47,3.483,1.43,us,usc000rnk7,2022-07-26T18:34:10.529Z,"193 km SSE of Mata-Utu, Wallis and Futuna",earthquake,,1.7,,,reviewed,us,us
2014-05-08T17:00:14.810Z,17.2349,-100.7461,17.09,6.4,mww,,55,0.494,1.12,us,usb000qea2,2022-08-06T23:38:39.837Z,"3 km NNE of Nuxco, Mexico",earthquake,,3,,,reviewed,us,us
2014-04-03T05:26:15.700Z,-20.7969,-70.5865,25,6.4,mww,,35,1.056,0.98,us,usc000p2cs,2022-05-03T16:46:40.731Z,"79 km SW of Iquique, Chile",earthquake,,1.7,,,reviewed,us,us
2014-03-21T13:41:09.480Z,7.7448,94.3342,21.54,6.4,mww,,35,3.604,1.14,us,usc000njrq,2022-05-03T18:09:07.758Z,"232 km NNW of Sabang, Indonesia",earthquake,,3.3,,,reviewed,us,us
2014-03-17T05:11:34.860Z,-20.0168,-70.8837,21,6.4,mww,,24,1.183,1.09,us,usc000ndw9,2022-05-03T16:45:15.965Z,"79 km WNW of Iquique, Chile",earthquake,,1.7,,,reviewed,us,us
2014-03-11T02:44:05.830Z,-60.8623,-19.9775,10,6.4,mww,,48,10.949,0.82,us,usc000n7bm,2022-05-03T16:44:52.171Z,"east of the South Sandwich Islands",earthquake,,1.7,,,reviewed,us,us
2014-01-13T04:01:03.240Z,19.0428,-66.8096,20,6.4,mww,,21,0.572,1.22,us,usc000m1w9,2023-04-15T18:01:54.188Z,"61 km N of Hatillo, Puerto Rico",earthquake,,1.7,,,reviewed,us,us
2013-12-01T01:24:13.520Z,-7.0269,128.3791,9.87,6.4,mww,,11,3.046,0.7,us,usb000l8mb,2022-07-26T02:43:33.244Z,"224 km NE of Lospalos, Timor Leste",earthquake,,2.1,,,reviewed,us,us
2013-11-12T07:03:51.090Z,54.6859,162.3024,43,6.4,mww,,20,2.73,0.87,us,usb000kw1x,2022-05-03T16:32:47.437Z,"172 km S of Ust’-Kamchatsk Staryy, Russia",earthquake,,1.8,,,reviewed,us,us
2013-10-04T17:26:13.620Z,-38.6062,78.3693,12.72,6.4,mww,,26,20.977,1.14,us,usb000k6nk,2022-05-03T16:28:51.048Z,"Mid-Indian Ridge",earthquake,,2.8,,,reviewed,us,us
2013-09-07T00:13:29.570Z,14.6056,-92.1207,66,6.4,mww,,28,0.331,0.98,us,usb000jkmw,2022-08-06T17:34:03.243Z,"7 km ESE of Ignacio López Rayón, Mexico",earthquake,,1.8,,,reviewed,us,us
2013-05-20T09:49:04.470Z,-44.866,-80.746,10,6.4,mww,180,73,,1.15,us,usb000gzlm,2022-05-03T16:19:01.849Z,"Off the coast of Aisen, Chile",earthquake,,,,,reviewed,us,us
2013-05-11T20:46:57.590Z,-17.965,-175.107,212.9,6.4,mww,536,31,,0.54,us,usc000gudx,2022-07-25T02:03:35.296Z,"140 km WNW of Neiafu, Tonga",earthquake,,3.6,,,reviewed,us,us
2013-04-09T11:52:49.920Z,28.428,51.593,12,6.4,mww,427,20.6,,0.83,us,usb000g2y5,2022-08-06T14:45:16.847Z,"95 km SE of Bushehr, Iran",earthquake,,,,,reviewed,us,us
2013-03-01T12:53:51.070Z,50.895,157.453,33,6.4,mww,635,34.8,,0.86,us,usc000fewp,2022-05-03T16:09:53.796Z,"94 km SE of Ozernovskiy, Russia",earthquake,,,,,reviewed,us,us
2013-02-01T22:18:33.070Z,-11.12,165.378,10,6.4,mww,158,28.1,,1.3,us,usc000ezw4,2022-05-03T16:04:49.234Z,"63 km SW of Lata, Solomon Islands",earthquake,,,,,reviewed,us,us
2012-09-26T23:39:55.110Z,51.592,-178.295,16,6.4,mww,882,15.5,,0.98,us,usp000jt0h,2022-05-03T15:50:49.088Z,"118 km WSW of Adak, Alaska",earthquake,,,,,reviewed,us,us
2012-08-11T12:23:18.190Z,38.329,46.826,11,6.4,mww,510,21.2,,1.23,us,usp000jq5p,2022-05-03T16:44:12.644Z,"26 km SW of Ahar, Iran",earthquake,,,,,reviewed,us,us
2012-07-25T11:20:27.030Z,-9.694,159.727,20,6.4,mww,220,14.8,,1.02,us,usp000jpeh,2022-05-03T15:44:57.583Z,"1 km E of Malango, Solomon Islands",earthquake,,,,,reviewed,us,us
2012-07-25T00:27:45.260Z,2.707,96.045,22,6.4,mww,570,16.2,,1.08,us,usp000jpe1,2022-05-03T15:44:34.215Z,"44 km NW of Sinabang, Indonesia",earthquake,,,,,reviewed,us,us
2012-02-14T08:19:55.470Z,-10.39,161.102,51,6.4,mww,605,10.3,,0.97,us,usp000jexf,2022-05-03T15:33:00.728Z,"89 km W of Kirakira, Solomon Islands",earthquake,,,,,reviewed,us,us
2012-01-30T05:11:00.950Z,-14.168,-75.635,43,6.4,mww,589,35.3,,0.78,us,usp000je5n,2022-05-03T16:43:55.133Z,"6 km ESE of Pampa de Tate, Peru",earthquake,,,,,reviewed,us,us
2012-01-09T04:07:14.670Z,-10.617,165.16,28,6.4,mww,592,16.4,,0.88,us,usp000jd8k,2022-05-03T16:35:42.625Z,"70 km W of Lata, Solomon Islands",earthquake,,,,,reviewed,us,us
2011-09-22T23:07:03.570Z,-15.437,-175.311,10,6.4,mww,397,25.9,,1.21,us,usp000j8e3,2022-04-08T22:06:08.278Z,"172 km WNW of Hihifo, Tonga",earthquake,,,,,reviewed,us,us
2011-09-09T19:41:34.150Z,49.535,-126.893,22,6.4,mww,650,28.1,,1.02,us,usp000j7ur,2022-08-09T02:54:49.608Z,"66 km SW of Vernon, Canada",earthquake,,,,,reviewed,us,us
2011-09-03T04:48:57.310Z,-56.451,-26.847,84,6.4,mww,254,26.4,,1,us,usp000j7gq,2022-04-08T22:03:24.012Z,"South Sandwich Islands region",earthquake,,,,,reviewed,us,us
2011-07-11T20:47:04.300Z,9.509,122.175,19,6.4,mww,401,14.5,,1.26,us,usp000j4p4,2022-04-08T21:54:32.773Z,"33 km WSW of Cayhagan, Philippines",earthquake,,,,,reviewed,us,us
2011-06-20T16:36:01.160Z,-21.701,-68.228,128,6.4,mww,481,24.7,,0.88,us,usp000j3fk,2022-07-19T18:15:12.490Z,"110 km NE of Calama, Chile",earthquake,,,,,reviewed,us,us
2011-06-16T00:03:35.790Z,-5.928,151.04,16,6.4,mww,448,15.6,,1.31,us,usp000j37m,2022-07-19T17:51:52.427Z,"108 km ESE of Kimbe, Papua New Guinea",earthquake,,,,,reviewed,us,us
2011-06-05T11:51:12.010Z,-55.843,146.62,3,6.4,mww,395,23.9,,1.19,us,usp000j2rm,2022-04-08T22:19:53.115Z,"west of Macquarie Island",earthquake,,,,,reviewed,us,us
2011-05-15T18:37:10.370Z,-6.104,154.414,40,6.4,mww,356,11.3,,1.21,us,usp000j1nf,2022-04-08T21:48:40.656Z,"120 km WNW of Panguna, Papua New Guinea",earthquake,,,,,reviewed,us,us
2011-04-03T14:07:09.330Z,-17.642,-178.585,551.7,6.4,mww,539,21.7,,0.87,us,usp000hz6z,2022-04-08T21:48:26.971Z,"227 km ENE of Levuka, Fiji",earthquake,,,,,reviewed,us,us
2011-03-22T09:44:29.330Z,39.851,143.437,13,6.4,mww,424,39.9,,0.77,us,usp000hy8e,2022-07-19T09:43:44.135Z,"130 km E of Miyako, Japan",earthquake,,,,,reviewed,us,us
2011-03-22T07:18:45.380Z,37.244,144.003,11,6.4,mww,551,18.2,,0.95,us,usp000hy7y,2022-07-19T09:40:43.683Z,"267 km E of Namie, Japan",earthquake,,,,,reviewed,us,us
2011-03-11T06:07:20.880Z,36.419,141.876,32.3,6.4,mb,262,13.2,,0.88,us,usp000hvp4,2022-04-08T21:37:02.145Z,"108 km ESE of Kitaibaraki, Japan",earthquake,,9.3,,165,reviewed,us,us
2011-03-11T05:55:45.480Z,37.359,143.351,35,6.4,mb,108,71.7,,1.42,us,usp000hvnw,2022-05-09T19:15:42.752Z,"208 km E of Namie, Japan",earthquake,,,,50,reviewed,us,us
2011-03-09T21:24:49.760Z,-5.985,149.777,29,6.4,mww,165,14.9,,1.33,us,usp000hvkj,2022-07-19T07:48:10.959Z,"35 km NE of Kandrian, Papua New Guinea",earthquake,,,,,reviewed,us,us
2011-02-07T19:53:42.910Z,-7.154,155.184,415,6.4,mww,393,9.7,,1.29,us,usp000hu76,2022-04-08T21:32:49.039Z,"98 km SSW of Panguna, Papua New Guinea",earthquake,,,,,reviewed,us,us
2011-01-12T21:32:53.860Z,26.973,139.882,512,6.4,mww,626,22.5,,1.04,us,usp000hszr,2022-04-08T21:31:26.310Z,"Bonin Islands, Japan region",earthquake,,,,,reviewed,us,us
2010-12-29T06:54:19.640Z,-19.661,168.14,16,6.4,mwc,372,20.2,,1.27,us,usp000hs82,2022-05-02T19:51:34.064Z,"120 km W of Isangel, Vanuatu",earthquake,,,,,reviewed,us,us
2010-12-23T14:00:32.330Z,53.127,171.161,18,6.4,mwc,559,31.1,,0.91,us,usp000hrpy,2022-05-02T22:29:51.766Z,"139 km WNW of Attu Station, Alaska",earthquake,,,,,reviewed,us,gcmt
2010-12-22T21:49:40.080Z,26.81,143.595,18,6.4,mwc,455,13.3,,1.06,us,usp000hrky,2022-05-02T22:29:49.346Z,"Bonin Islands, Japan region",earthquake,,,,,reviewed,us,gcmt
2010-10-30T15:18:33.070Z,-56.586,-142.292,10,6.4,mwc,35,51.1,,1.5,us,usp000hntb,2022-05-02T22:40:27.090Z,"Pacific-Antarctic Ridge",earthquake,,,,,reviewed,us,us
2010-10-08T03:26:13.710Z,51.374,-175.361,19,6.4,mwc,590,24.1,,1.06,us,usp000hmrb,2022-05-02T22:38:49.347Z,"104 km ESE of Adak, Alaska",earthquake,,,,,reviewed,us,gcmt
2010-08-04T12:58:24.200Z,51.423,-178.649,27,6.4,mwc,482,35.3,,0.89,us,usp000hhg7,2022-05-02T22:38:41.153Z,"148 km WSW of Adak, Alaska",earthquake,,,,,reviewed,us,us
2010-06-30T04:31:02.160Z,-23.307,179.116,581.4,6.4,mwb,425,15.9,,0.99,us,usp000heqb,2022-05-02T22:39:46.925Z,"south of the Fiji Islands",earthquake,,,,,reviewed,us,us
2010-03-14T00:57:44.700Z,-1.692,128.135,53,6.4,mwb,407,38.3,,1.12,us,usp000h9br,2022-05-02T21:47:01.111Z,"202 km NNW of Amahai, Indonesia",earthquake,,,,,reviewed,us,us
2009-12-19T13:02:15.570Z,23.796,121.605,43,6.4,mwc,426,13.6,,1.04,us,usp000h56g,2022-10-07T16:21:19.140Z,"20 km S of Hualien City, Taiwan",earthquake,,,,,reviewed,us,us
2009-12-09T16:00:43.330Z,-0.642,-21.072,10,6.4,mwc,151,40.4,,1.12,us,usp000h4wq,2022-05-02T22:33:19.090Z,"central Mid-Atlantic Ridge",earthquake,,,,,reviewed,us,us
2009-12-09T09:46:03.300Z,-22.15,170.963,45,6.4,mwc,338,16.6,,1.05,us,usp000h4wh,2024-01-17T20:59:15.662Z,"southeast of the Loyalty Islands",earthquake,,,,,reviewed,us,us
2009-11-22T07:48:20.610Z,-17.794,-178.425,522.6,6.4,mwb,394,17,,0.79,us,usp000h4ab,2022-05-02T21:28:02.470Z,"241 km E of Levuka, Fiji",earthquake,,,,,reviewed,us,us
2009-10-13T20:21:53.200Z,52.604,-167.118,14,6.4,mwc,445,50.3,,1.17,us,usp000h2wq,2022-05-02T22:31:31.565Z,"123 km ESE of Nikolski, Alaska",earthquake,,,,,reviewed,us,us
2009-09-24T07:16:20.260Z,18.829,-107.339,13,6.4,mwc,375,73,,1.33,us,usp000h1tv,2022-07-15T18:06:34.557Z,"236 km WSW of La Cruz de Loreto, Mexico",earthquake,,,,,reviewed,us,gcmt
2009-09-12T20:06:25.470Z,10.709,-67.927,14,6.4,mwc,508,18.3,,1.24,us,usp000h1fu,2022-07-15T17:40:17.902Z,"27 km NNE of Puerto Cabello, Venezuela",earthquake,,,,,reviewed,us,gcmt
2009-07-01T09:30:10.410Z,34.164,25.471,19,6.4,mwc,396,20.5,,0.82,us,usp000gytt,2022-07-15T12:49:54.143Z,"95 km S of Néa Anatolí, Greece",earthquake,,,,,reviewed,us,us
2009-06-05T03:30:33.060Z,41.824,143.445,29,6.4,mwc,424,32.7,,0.71,us,usp000gxvt,2022-07-15T11:20:43.925Z,"105 km ESE of Shizunai-furukawach?, Japan",earthquake,,,,,reviewed,us,us
2009-04-01T03:54:58.770Z,-3.522,144.102,10,6.4,mwc,223,17.2,,1.26,us,usp000gvmx,2022-05-02T22:11:55.045Z,"52 km E of Wewak, Papua New Guinea",earthquake,,,,,reviewed,us,us
2009-01-18T14:11:48.860Z,-30.199,-177.951,33,6.4,mwc,361,17.5,,1,us,usp000gssv,2022-05-02T19:49:48.304Z,"Kermadec Islands, New Zealand",earthquake,,,,,reviewed,us,us
2008-12-06T10:55:26.350Z,-7.393,124.745,398,6.4,mwc,416,35.2,,0.81,us,usp000gq1h,2022-05-02T19:49:31.711Z,"144 km NNW of Maubara, Timor Leste",earthquake,,,,,reviewed,us,us
2008-11-22T16:01:39.380Z,-22.523,171.199,57.3,6.4,mwc,236,25.5,,1.02,us,usp000gp76,2022-05-02T19:52:38.881Z,"southeast of the Loyalty Islands",earthquake,,6.6,,,reviewed,us,us
2008-11-07T07:19:35.710Z,-14.829,168.032,13,6.4,mwc,377,20,,1.21,us,usp000gn4r,2022-05-02T19:49:30.403Z,"105 km ENE of Port-Olry, Vanuatu",earthquake,,,,,reviewed,us,us
2008-10-29T11:32:43.130Z,30.598,67.455,14,6.4,mwc,277,26.7,,1.43,us,usp000gma2,2022-07-14T21:10:20.114Z,"13 km NNW of Alik Ghund, Pakistan",earthquake,,,,,reviewed,us,us
2008-10-28T23:09:57.650Z,30.639,67.351,15,6.4,mwc,365,23.9,,0.84,us,usp000gm8g,2022-05-02T21:05:31.553Z,"23 km NW of Alik Ghund, Pakistan",earthquake,,,,,reviewed,us,us
2008-10-22T12:55:57.390Z,-18.414,-175.351,233.4,6.4,mwc,421,21.6,,0.86,us,usp000gkta,2022-07-14T21:02:13.705Z,"146 km W of Neiafu, Tonga",earthquake,,,,,reviewed,us,gcmt
2008-09-24T02:33:05.560Z,17.612,-105.497,12,6.4,mwc,384,68.6,,0.96,us,usp000ghm1,2022-05-02T20:32:52.620Z,"196 km SSW of Barra de Navidad, Mexico",earthquake,,,,,reviewed,us,gcmt
2008-08-30T06:54:07.610Z,-6.146,147.258,75,6.4,mwc,440,13.6,,1.15,us,usp000gfzr,2022-07-13T03:52:44.269Z,"70 km NNE of Lae, Papua New Guinea",earthquake,,,,,reviewed,us,gcmt
2008-08-26T21:00:36.610Z,-7.641,-74.377,154,6.4,mwc,598,18.9,,0.9,us,usp000gfmr,2022-07-13T03:59:14.180Z,"78 km ESE of Contamana, Peru",earthquake,,,,,reviewed,us,us
2008-07-19T22:39:52.700Z,-17.337,-177.312,391,6.4,mwc,563,24.4,,0.81,us,usp000gcnf,2022-05-02T20:32:28.403Z,"Fiji region",earthquake,,,,,reviewed,us,us
2008-07-15T03:26:34.700Z,35.8,27.86,52,6.4,mwc,774,18.7,,1.35,us,usp000gc72,2022-07-13T04:29:09.768Z,"35 km SSW of Lárdos, Greece",earthquake,,,,,reviewed,us,us
2008-06-08T12:25:29.710Z,37.963,21.525,16,6.4,mwc,706,25.7,,1.49,us,usp000g8vs,2022-07-13T18:45:03.570Z,"15 km ESE of Várda, Greece",earthquake,,,,,reviewed,us,gcmt
2008-05-31T04:37:56.010Z,-41.198,80.479,9,6.4,mwc,267,15.1,,0.96,us,usp000g867,2022-05-02T20:31:45.742Z,"Mid-Indian Ridge",earthquake,,,,,reviewed,us,us
2008-04-28T18:33:34.200Z,-19.941,168.953,32,6.4,mwc,511,21.6,,0.9,us,usp000g51v,2022-05-02T20:31:01.683Z,"56 km SW of Isangel, Vanuatu",earthquake,,,,,reviewed,us,us
2008-04-15T22:59:51.500Z,51.856,-179.361,11,6.4,mwc,613,23.6,,1.01,us,usp000g412,2022-05-02T20:44:08.685Z,"187 km W of Adak, Alaska",earthquake,,,,,reviewed,us,us
2008-04-09T11:13:17.690Z,-20.175,168.861,16,6.4,mwc,276,41.2,,1.12,us,usp000g3ec,2022-05-02T20:59:45.629Z,"82 km SSW of Isangel, Vanuatu",earthquake,,,,,reviewed,us,us
2008-03-12T11:23:34.060Z,-16.567,167.335,13,6.4,mwc,267,28.5,,1.24,us,usp000g1ad,2022-05-02T21:13:56.139Z,"52 km S of Lakatoro, Vanuatu",earthquake,,,,,reviewed,us,us
2008-01-09T08:26:45.490Z,32.288,85.166,10,6.4,mwc,485,13.9,,0.89,us,usp000fwaj,2022-05-02T20:57:36.316Z,"western Xizang",earthquake,,,,,reviewed,us,us
2008-01-05T11:44:48.170Z,51.163,-130.542,10,6.4,mwc,462,42.7,,1.15,us,usp000fw12,2022-05-02T20:56:54.859Z,"251 km WNW of Port McNeill, Canada",earthquake,,,,,reviewed,us,us
2007-12-26T22:04:54.670Z,52.558,-168.221,25,6.4,mwc,566,45.6,,0.96,us,usp000fvad,2022-05-02T20:55:24.595Z,"60 km SE of Nikolski, Alaska",earthquake,,,,,reviewed,us,gcmt
2007-12-15T09:39:53.620Z,-6.622,131.09,57,6.4,mwc,326,23.2,,0.93,us,usp000fugf,2022-05-02T20:54:42.827Z,"214 km WSW of Tual, Indonesia",earthquake,,,,,reviewed,us,gcmt
2007-09-14T06:01:32.270Z,-4.075,101.169,23,6.4,mwc,384,26.4,,1.15,us,usp000fn7p,2022-05-02T20:34:52.845Z,"125 km WSW of Bengkulu, Indonesia",earthquake,,,,,reviewed,us,gcmt
2007-08-20T13:46:17.410Z,6.134,127.381,8,6.4,mwc,587,17.9,,1.02,us,usp000fk9n,2022-07-14T03:56:24.376Z,"135 km E of Pondaguitan, Philippines",earthquake,,,,,reviewed,us,gcmt
2007-08-17T03:04:03.090Z,-5.261,129.432,10,6.4,mwc,293,36.5,,1.14,us,usp000fjzv,2022-05-02T20:25:34.555Z,"219 km SSE of Amahai, Indonesia",earthquake,,,,,reviewed,us,gcmt
2007-08-16T05:16:56.150Z,-14.282,-76.127,23.4,6.4,mwc,411,80.5,,0.81,us,usp000fjva,2022-07-14T04:28:14.702Z,"46 km WSW of Santiago, Peru",earthquake,,,,,reviewed,us,gcmt
2007-07-21T15:34:52.600Z,-22.151,-65.777,289.5,6.4,mwc,434,41,,0.86,us,usp000fgt2,2022-07-14T05:34:15.652Z,"19 km WSW of La Quiaca, Argentina",earthquake,,,,,reviewed,us,gcmt
2007-05-30T20:22:12.660Z,52.137,157.293,116,6.4,mwb,652,23.3,,0.84,us,usp000fd27,2022-05-02T20:18:38.223Z,"89 km NE of Ozernovskiy, Russia",earthquake,,,,,reviewed,us,us
2007-04-25T13:34:14.230Z,-14.285,166.863,55,6.4,mwc,351,25.9,,0.99,us,usp000fak4,2022-05-02T20:12:07.087Z,"86 km NNW of Port-Olry, Vanuatu",earthquake,,,,,reviewed,us,gcmt
2007-04-16T13:20:38.230Z,-58.015,147.964,10,6.4,mwc,129,50.3,,1.35,us,usp000f9va,2022-05-02T20:11:31.821Z,"west of Macquarie Island",earthquake,,,,,reviewed,us,gcmt
2007-04-04T06:34:35.960Z,-7.76,156.49,17,6.4,mwc,349,18.3,,0.82,us,usp000f8m0,2022-05-02T20:09:31.443Z,"54 km NW of Gizo, Solomon Islands",earthquake,,,,,reviewed,us,gcmt
2007-03-06T03:49:38.900Z,-0.493,100.498,19,6.4,mwc,306,16.4,,1.21,us,usp000f65w,2022-07-14T07:31:54.284Z,"24 km SE of Bukittinggi, Indonesia",earthquake,,,,,reviewed,us,gcmt
2006-12-07T19:10:21.850Z,46.153,154.386,16,6.4,mwc,612,17.5,,0.86,us,usp000ezr9,2022-05-02T15:39:19.928Z,"east of the Kuril Islands",earthquake,,,,,reviewed,us,gcmt
2006-11-15T11:34:58.130Z,46.652,155.305,10,6.4,mb,540,46.8,,0.84,us,usp000exfy,2022-05-09T19:12:34.422Z,"east of the Kuril Islands",earthquake,,,,270,reviewed,us,us
2006-10-23T21:17:19.980Z,29.351,140.27,11,6.4,mwb,427,28.8,,1.15,us,usp000evvx,2022-05-02T15:37:59.114Z,"Izu Islands, Japan region",earthquake,,,,,reviewed,us,us
2006-10-18T10:45:32.930Z,-15.053,167.266,115,6.4,mwc,303,26.8,,1.39,us,usp000evf2,2022-07-14T09:23:26.230Z,"20 km E of Port-Olry, Vanuatu",earthquake,,,,,reviewed,us,gcmt
2006-10-12T18:05:56.570Z,-31.256,-71.368,31,6.4,mwc,372,27.8,,1.06,us,usp000ev15,2022-05-02T15:37:38.654Z,"45 km NNW of Illapel, Chile",earthquake,,,,,reviewed,us,gcmt
2006-07-19T11:48:58.290Z,-5.474,150.684,28.2,6.4,mwc,133,32.1,,1.17,us,usp000ep3b,2022-07-14T10:32:46.408Z,"61 km E of Kimbe, Papua New Guinea",earthquake,,,,,reviewed,us,hrv
2006-05-10T02:42:51.030Z,52.515,-169.256,18,6.4,mwc,566,76,,0.91,us,usp000egqf,2022-05-02T15:30:09.853Z,"54 km SSW of Nikolski, Alaska",earthquake,,,,,reviewed,us,hrv
2006-02-26T03:08:27.810Z,-23.607,-179.989,535.2,6.4,mwb,574,17.7,,0.95,us,usp000eavw,2024-01-17T20:51:40.639Z,"south of the Fiji Islands",earthquake,,,,,reviewed,us,us
2006-01-23T06:02:58.140Z,-17.391,167.715,23,6.4,mwc,284,25.8,,1.49,us,usp000e8qf,2022-07-14T12:40:15.301Z,"74 km WNW of Port-Vila, Vanuatu",earthquake,,,,,reviewed,us,hrv
2005-12-07T23:32:51.550Z,-30.012,-177.637,21,6.4,mwc,340,21.4,,0.98,us,usp000e5rc,2022-05-02T18:08:05.414Z,"Kermadec Islands, New Zealand",earthquake,,,,,reviewed,us,hrv
2005-11-30T16:53:42.470Z,6.27,124.029,13,6.4,mwc,178,24.8,,1.12,us,usp000e583,2022-07-14T13:18:40.110Z,"18 km WNW of Palimbang, Philippines",earthquake,,,,,reviewed,us,hrv
2005-11-05T10:48:21.220Z,-3.149,148.143,25,6.4,mwc,147,31.5,,1.31,us,usp000e3j8,2022-05-02T18:05:37.613Z,"156 km SE of Lorengau, Papua New Guinea",earthquake,,0,,,reviewed,us,hrv
2005-10-15T15:51:08.130Z,25.309,123.351,192,6.4,mwb,774,22.4,,0.88,us,usp000e1wr,2022-07-14T14:12:02.134Z,"99 km NNE of Yonakuni, Japan",earthquake,,,,,reviewed,us,us
2005-10-08T10:46:28.790Z,34.733,73.1,8,6.4,mwc,471,21.4,,0.98,us,usp000e166,2022-07-14T14:24:20.524Z,"9 km NE of Battagram, Pakistan",earthquake,,,,,reviewed,us,hrv
2005-06-15T19:52:24.820Z,-44.865,-80.562,10,6.4,mwb,132,29.2,,1.32,us,usp000dt52,2022-05-02T16:48:00.741Z,"Off the coast of Aisen, Chile",earthquake,,,,,reviewed,us,us
2005-04-16T16:38:03.900Z,1.812,97.662,31,6.4,mwc,413,22.6,,0.89,us,usp000dnh8,2022-07-14T16:29:15.556Z,"54 km SSW of Singkil, Indonesia",earthquake,,,,,reviewed,us,hrv
2005-04-10T17:24:39.400Z,-1.591,99.717,30,6.4,mwb,374,27.2,,0.89,us,usp000dmxm,2022-07-14T16:40:11.319Z,"100 km SW of Padang, Indonesia",earthquake,,,,,reviewed,us,us
2005-03-21T12:43:12.360Z,-24.725,-63.507,570.1,6.4,mwc,503,21.5,,0.74,us,usp000djqg,2022-05-02T17:50:51.740Z,"59 km ESE of Apolinario Saravia, Argentina",earthquake,,,,,reviewed,us,hrv
2005-02-22T02:25:22.920Z,30.754,56.816,14,6.4,mwc,652,27.7,,1.31,us,usp000dgpx,2022-07-14T17:58:16.794Z,"24 km ESE of Zarand, Iran",earthquake,,,,,reviewed,us,hrv
2005-01-22T20:30:17.350Z,-7.727,159.475,29,6.4,mwb,355,22.4,,0.96,us,usp000de1d,2022-07-14T18:33:32.862Z,"47 km NNW of Buala, Solomon Islands",earthquake,,,,,reviewed,us,us
2005-01-02T15:35:56.720Z,6.36,92.787,30,6.4,mwc,343,52.8,,1.04,us,usp000dceg,2022-05-02T17:42:05.482Z,"284 km W of Sabang, Indonesia",earthquake,,,,,reviewed,us,hrv
2004-11-20T08:07:22.080Z,9.602,-84.172,16,6.4,mwb,530,31.1,,0.92,us,usp000d8tf,2022-07-14T19:40:43.287Z,"17 km SSE of Tejar, Costa Rica",earthquake,,,,,reviewed,us,us
2004-11-11T22:49:48.140Z,-8.255,124.93,10,6.4,ms,146,42.8,,1.14,us,usp000d860,2022-05-02T17:32:30.695Z,"49 km NW of Maubara, Timor Leste",earthquake,,,,27,reviewed,us,us
2004-10-26T22:53:07.860Z,-57.071,-24.679,10,6.4,mwb,121,48.1,,0.89,us,usp000d754,2022-05-02T17:31:28.600Z,"South Sandwich Islands region",earthquake,,,,,reviewed,us,us
2004-09-28T15:29:53.820Z,-52.515,28.016,10,6.4,mwc,299,24.1,,1.04,us,usp000d580,2022-05-02T15:55:22.132Z,"south of Africa",earthquake,,,,,reviewed,us,hrv
2004-09-07T11:53:06.110Z,-28.573,-65.84,22.3,6.4,mwb,360,27.4,,0.8,us,usp000d3up,2022-05-02T17:26:16.204Z,"12 km SSW of San Fernando del Valle de Catamarca, Argentina",earthquake,,,,,reviewed,us,us
2004-07-19T08:01:49.460Z,49.623,-126.967,23.7,6.4,mwb,393,27.3,,1.04,us,usp000d0fx,2022-05-02T17:17:47.430Z,"62 km SW of Vernon, Canada",earthquake,,,,,reviewed,us,us
2004-07-08T10:30:49.160Z,47.198,151.303,128.5,6.4,mwb,756,43.3,,0.76,us,usp000czs4,2022-05-02T17:17:14.323Z,"Kuril Islands",earthquake,,,,,reviewed,us,us
2004-06-09T22:52:08.800Z,-51.603,139.615,10,6.4,mwc,209,34,,1.03,us,usp000cxhv,2022-05-02T17:13:52.758Z,"western Indian-Antarctic Ridge",earthquake,,,,,reviewed,us,hrv
2004-05-13T09:58:43.450Z,-3.584,150.73,10,6.4,mwc,226,21.9,,1,us,usp000cuxg,2022-05-02T17:11:20.594Z,"111 km S of Kavieng, Papua New Guinea",earthquake,,,,,reviewed,us,hrv
2004-04-08T04:57:50.480Z,-36.256,-97.827,10,6.4,mwc,157,38.3,,1.23,us,usp000crz0,2022-05-02T17:07:56.525Z,"West Chile Rise",earthquake,,,,,reviewed,us,hrv
2004-02-24T02:27:46.230Z,35.142,-3.997,0,6.4,mwb,786,19.8,,,us,usp000cmxe,2022-05-02T17:03:33.687Z,"11 km SSW of Tirhanimîne, Morocco",earthquake,,,,,reviewed,mdd,us
2004-01-03T08:21:48.400Z,-22.324,169.616,10,6.4,mwc,274,29.7,,1.02,us,usp000cgxx,2022-05-02T16:58:27.801Z,"southeast of the Loyalty Islands",earthquake,,,,,reviewed,us,hrv
2003-11-12T08:26:43.740Z,33.171,137.072,384.9,6.4,mwb,559,26.3,,1.19,us,usp000ccpg,2022-05-02T16:53:42.280Z,"118 km ESE of Shing?, Japan",earthquake,,,,,reviewed,us,us
2003-11-02T05:32:15.720Z,-45.19,166.535,10,6.4,mwb,81,36.3,,1.23,us,usp000cbvu,2022-05-02T16:52:54.296Z,"96 km WNW of Te Anau, New Zealand",earthquake,,,,,reviewed,us,us
2003-10-18T22:27:13.250Z,0.444,126.103,33,6.4,mwc,341,35.1,,1.02,us,usp000caqx,2022-05-02T16:50:52.996Z,"147 km WSW of Ternate, Indonesia",earthquake,,,,,reviewed,us,hrv
2003-10-17T10:19:06.820Z,-5.471,154.155,133,6.4,mwb,507,28,,0.98,us,usp000caku,2022-05-02T16:50:43.213Z,"174 km WNW of Panguna, Papua New Guinea",earthquake,,,,,reviewed,us,us
2003-09-30T14:08:37.740Z,-30.437,-177.398,10,6.4,mwb,325,27.1,,1.1,us,usp000c95e,2022-05-02T16:45:14.959Z,"Kermadec Islands, New Zealand",earthquake,,,,,reviewed,us,us
2003-09-27T18:52:46.980Z,50.091,87.765,10,6.4,mwb,656,24.5,,0.93,us,usp000c8uv,2022-05-02T15:53:52.544Z,"23 km S of Aktash, Russia",earthquake,,,,,reviewed,us,us
2003-09-22T04:45:36.240Z,19.777,-70.673,10,6.4,mwb,494,31.7,,1.06,us,usp000c89d,2022-07-13T03:44:25.198Z,"2 km SE of Puerto Plata, Dominican Republic",earthquake,,,,,reviewed,us,us
2003-09-07T13:19:20.450Z,-22.472,172.123,33,6.4,mwc,133,98.1,,1.01,us,usp000c6zs,2022-05-02T16:43:04.181Z,"southeast of the Loyalty Islands",earthquake,,,,,reviewed,us,hrv
2003-09-02T18:28:00.330Z,-15.229,-173.223,10,6.4,mwb,401,18.7,,1.04,us,usp000c6ju,2022-05-02T16:42:19.298Z,"101 km NE of Hihifo, Tonga",earthquake,,,,,reviewed,us,us
2003-07-25T09:37:45.840Z,-1.528,149.694,24,6.4,mwb,604,23.6,,0.71,us,usp000c3a7,2022-05-02T16:39:26.433Z,"168 km NW of Kavieng, Papua New Guinea",earthquake,,,,,reviewed,us,us
2003-07-21T13:53:58.490Z,-5.481,148.853,189.6,6.4,mwb,465,19.2,,0.9,us,usp000c30q,2022-05-02T16:39:16.145Z,"111 km NW of Kandrian, Papua New Guinea",earthquake,,,,,reviewed,us,us
2003-05-05T15:50:08.470Z,0.215,127.354,123.6,6.4,mwb,244,31.6,,0.87,us,usp000bwnz,2022-05-02T16:32:06.087Z,"62 km SSW of Sofifi, Indonesia",earthquake,,,,,reviewed,us,us
2003-05-04T20:08:46.480Z,-30.587,-178.29,45.6,6.4,mwb,497,43.1,,0.97,us,usp000bwmb,2022-05-02T16:31:57.278Z,"Kermadec Islands, New Zealand",earthquake,,,,,reviewed,us,us
2003-05-01T00:27:04.700Z,39.007,40.464,10,6.4,mwb,504,30.9,,1.09,us,usp000bwbc,2022-05-02T16:31:10.015Z,"13 km N of Bingöl, Turkey",earthquake,,,,,reviewed,us,us
2003-04-17T00:48:38.580Z,37.529,96.476,14,6.4,mwc,549,25,,0.86,us,usp000bvbg,2022-05-02T16:30:03.249Z,"278 km SSW of Laojunmiao, China",earthquake,,,,,reviewed,us,hrv
2003-03-14T12:54:12.120Z,-17.416,-175.183,274.9,6.4,mwb,311,30.3,,1.08,us,usp000bsmq,2022-05-02T16:27:44.422Z,"186 km NW of Neiafu, Tonga",earthquake,,,,,reviewed,us,us
2003-03-12T23:41:32.920Z,26.556,-110.587,10,6.4,mwb,288,57.9,,1.14,us,usp000bshh,2022-05-02T16:27:35.589Z,"87 km SW of Paredón Colorado, Mexico",earthquake,,,,,reviewed,us,us
2003-03-10T02:09:37.080Z,1.692,127.296,93.8,6.4,mwb,434,30,,0.91,us,usp000bsas,2022-05-02T16:27:19.808Z,"Halmahera, Indonesia",earthquake,,,,,reviewed,us,us
2003-01-27T17:56:25.830Z,-46.048,35.057,10,6.4,mwc,120,,,1.07,us,usp000bpc5,2022-05-02T16:24:15.360Z,"Prince Edward Islands region",earthquake,,,,,reviewed,us,hrv
2002-11-03T03:37:42.070Z,38.886,141.977,39,6.4,mwc,447,,,0.83,us,usp000bfyf,2022-05-02T16:15:04.605Z,"30 km SE of ?funato, Japan",earthquake,,,,,reviewed,us,hrv
2002-09-20T15:43:35.460Z,-1.68,134.234,10,6.4,mwc,241,,,1.25,us,usp000bcqu,2022-05-02T16:08:41.210Z,"92 km SSE of Manokwari, Indonesia",earthquake,,,,,reviewed,us,hrv
2002-09-15T08:39:32.700Z,44.833,129.923,586.3,6.4,mwc,675,,,0.76,us,usp000bc9t,2022-05-02T16:08:11.870Z,"21 km ENE of Chaihe, China",earthquake,,,,,reviewed,us,hrv
2002-06-16T02:46:14.030Z,8.784,-83.992,35,6.4,mwc,424,,,1.08,us,usp000b68d,2022-05-02T16:00:59.786Z,"55 km WSW of Ciudad Cortés, Costa Rica",earthquake,,4,,,reviewed,us,hrv
2002-05-25T05:36:31.970Z,53.815,-161.116,33,6.4,mwb,307,,,1.29,us,usp000b4xj,2022-05-02T15:58:59.583Z,"159 km SSE of King Cove, Alaska",earthquake,,4.8,,,reviewed,us,us
2002-04-01T19:59:32.480Z,-29.67,-71.384,71,6.4,mwc,434,,,0.87,us,usp000b1hz,2022-05-02T15:47:32.605Z,"29 km NNW of La Serena, Chile",earthquake,,,,,reviewed,us,hrv
2002-03-26T03:45:48.700Z,23.346,124.09,33,6.4,mwc,345,,,1.04,us,usp000b12g,2022-05-02T15:47:14.126Z,"110 km S of Ishigaki, Japan",earthquake,,,,,reviewed,us,hrv
2002-01-16T23:09:52.080Z,15.502,-93.133,80.2,6.4,mwc,431,,,0.94,us,usp000awm9,2022-05-02T15:41:46.565Z,"2 km SW of Las Brisas, Mexico",earthquake,,,,,reviewed,us,hrv
2002-01-13T14:10:56.520Z,-5.651,151.074,43.6,6.4,mwc,441,,,1.06,us,usp000awd5,2022-05-02T16:13:58.656Z,"104 km E of Kimbe, Papua New Guinea",earthquake,,,,,reviewed,us,hrv
2001-12-03T11:32:29.800Z,-16.496,-177.54,10,6.4,mwc,169,,,1.11,us,usp000atxk,2022-04-29T19:42:43.385Z,"249 km SSE of Alo, Wallis and Futuna",earthquake,,,,,reviewed,us,hrv
2001-11-28T14:32:32.720Z,15.571,-93.106,84.9,6.4,mwc,447,,,0.88,us,usp000atn5,2022-04-29T19:42:15.247Z,"2 km ESE of El Carmen, Mexico",earthquake,,,,,reviewed,us,hrv
2001-10-08T18:20:38.250Z,52.631,160.214,33,6.4,mwc,432,,,0.99,us,usp000aqg9,2022-04-29T19:37:04.973Z,"114 km ESE of Petropavlovsk-Kamchatsky, Russia",earthquake,,,,,reviewed,us,hrv
2001-09-29T02:40:07.380Z,-18.503,168.159,33,6.4,mwc,327,,,1.42,us,usp000apyt,2022-04-29T19:36:09.643Z,"86 km S of Port-Vila, Vanuatu",earthquake,,,,,reviewed,us,hrv
2001-08-13T20:11:23.400Z,41.046,142.308,38,6.4,mwc,528,,,0.87,us,usp000amdw,2022-04-29T19:29:34.198Z,"87 km ENE of Misawa, Japan",earthquake,,,,,reviewed,us,hrv
2001-07-24T05:00:09.090Z,-19.448,-69.255,33,6.4,mwb,300,,,1.26,us,usp000ak2a,2022-04-29T19:28:20.208Z,"126 km NE of Iquique, Chile",earthquake,,,,,reviewed,us,us
2001-06-05T09:00:05.380Z,-6.884,146.388,10,6.4,mwc,245,,,0.97,us,usp000ag32,2022-04-29T19:21:55.494Z,"45 km NW of Bulolo, Papua New Guinea",earthquake,,,,,reviewed,us,hrv
2001-05-29T23:37:19.490Z,-7.022,155.037,14,6.4,mwc,258,,,1,us,usp000afry,2022-04-29T19:20:47.148Z,"92 km SSW of Panguna, Papua New Guinea",earthquake,,,,,reviewed,us,hrv
2001-05-26T10:57:26.150Z,-20.292,-177.842,406.5,6.4,mwc,346,,,1.07,us,usp000afk5,2022-04-29T19:20:16.582Z,"Fiji region",earthquake,,,,,reviewed,us,hrv
2001-04-04T07:44:11.200Z,-5.176,132.369,33,6.4,mwc,176,,,0.99,us,usp000acjh,2022-04-29T19:26:35.308Z,"65 km NW of Tual, Indonesia",earthquake,,,,,reviewed,us,hrv
2001-03-06T09:17:36.080Z,-54.588,157.271,10,6.4,mwb,134,,,0.99,us,usp000ab03,2022-04-29T19:14:51.177Z,"Macquarie Island region",earthquake,,,,,reviewed,us,us
2001-01-15T05:52:16.250Z,-40.344,78.362,10,6.4,mwc,87,,,1.07,us,usp000a7qf,2022-04-29T19:19:26.676Z,"Mid-Indian Ridge",earthquake,,,,,reviewed,us,hrv
2001-01-02T07:30:03.780Z,6.749,126.809,33,6.4,mwc,161,,,0.89,us,usp000a729,2022-04-29T19:03:24.530Z,"51 km SE of Lukatan, Philippines",earthquake,,,,,reviewed,us,hrv
2000-12-21T01:01:27.770Z,-5.706,151.122,33,6.4,mwb,424,,,0.82,us,usp000a6fj,2022-04-29T19:46:04.167Z,"110 km E of Kimbe, Papua New Guinea",earthquake,,,,,reviewed,us,us
2000-09-28T23:23:43.350Z,-0.215,-80.582,22.9,6.4,mwc,385,,,0.95,us,usp000a0z2,2022-04-29T18:53:42.939Z,"45 km NNW of Bahía de Caráquez, Ecuador",earthquake,,7.6,,,reviewed,us,hrv
2000-09-26T06:17:52.410Z,-17.178,-173.927,56,6.4,mwb,437,,,0.92,us,usp000a0ty,2022-04-29T18:53:35.342Z,"136 km S of Hihifo, Tonga",earthquake,,,,,reviewed,us,us
2000-08-09T22:55:59.480Z,-16.797,174.332,33,6.4,mwc,222,,,1.06,us,usp0009y76,2022-04-29T18:47:53.604Z,"Fiji region",earthquake,,,,,reviewed,us,hrv
2000-07-21T01:53:35.810Z,9.416,-85.329,33,6.4,mwc,467,,,1.13,us,usp0009wwb,2022-04-29T18:45:38.606Z,"55 km SSE of Sámara, Costa Rica",earthquake,,,,,reviewed,us,hrv
2000-07-16T03:21:45.530Z,20.253,122.043,33,6.4,mwc,304,,,1.21,us,usp0009wkm,2022-04-29T18:44:58.810Z,"22 km SSE of Basco, Philippines",earthquake,,,,,reviewed,us,hrv
2000-06-16T07:55:35.390Z,-33.877,-70.088,120.2,6.4,mwc,364,,,0.96,us,usp0009upm,2022-04-29T18:41:34.990Z,"53 km ESE of Puente Alto, Chile",earthquake,,,,,reviewed,us,hrv
2000-06-14T02:15:25.840Z,-25.516,178.046,604.6,6.4,mwc,386,,,0.95,us,usp0009uhx,2022-04-29T18:40:51.410Z,"south of the Fiji Islands",earthquake,,,,,reviewed,us,hrv
2000-06-10T18:23:29.320Z,23.843,121.225,33,6.4,mwc,377,,,1.03,us,usp0009ucq,2022-04-29T18:40:36.320Z,"29 km ESE of Puli, Taiwan",earthquake,,,,,reviewed,us,hrv
2000-06-06T14:57:02.220Z,29.424,131.421,33,6.4,mwc,389,,,0.97,us,usp0009u4g,2022-04-29T18:40:07.351Z,"124 km SE of Koshima, Japan",earthquake,,,,,reviewed,us,hrv
2000-03-04T02:24:22.430Z,-60.167,149.868,10,6.4,mwb,,,,1.15,us,usp0009p87,2022-04-29T18:34:27.426Z,"west of Macquarie Island",earthquake,,,,,reviewed,us,us
2000-03-03T22:09:13.790Z,-7.321,128.491,141.9,6.4,mwb,,,,0.91,us,usp0009p7z,2022-04-29T19:16:11.232Z,"211 km NE of Lospalos, Timor Leste",earthquake,,,,,reviewed,us,us
2000-01-08T11:59:21.840Z,-23.169,-70.122,36,6.4,mwb,,,,1.14,us,usp0009kwj,2022-04-29T19:41:47.227Z,"60 km NNE of Antofagasta, Chile",earthquake,,,,,reviewed,us,us
2000-01-08T01:19:46.660Z,-9.805,159.811,33,6.4,mwc,,,,1.3,us,usp0009kvr,2022-04-29T18:28:18.388Z,"15 km SE of Malango, Solomon Islands",earthquake,,,,,reviewed,us,hrv
1999-12-09T10:18:17.180Z,-6.028,148.144,58.3,6.4,mwc,,,,1.11,us,usp0009jn9,2022-04-29T18:20:32.184Z,"67 km NNE of Finschhafen, Papua New Guinea",earthquake,,,,,reviewed,us,hrv
1999-12-07T21:29:49.270Z,-15.911,-173.984,137.7,6.4,mwc,,,,0.82,us,usp0009jkg,2022-05-09T19:13:00.167Z,"20 km WNW of Hihifo, Tonga",earthquake,,,,,reviewed,us,hrv
1999-12-07T00:19:51.303Z,57.2026,-154.2573,43.9,6.4,mw,,,,0.92,ak,ak999fnydiyi,2022-04-29T18:19:56.321Z,"29 km N of Akhiok, Alaska",earthquake,,0.1,,,reviewed,ak,ak
1999-11-29T03:46:30.180Z,-1.275,89.043,10,6.4,mwc,,,,1.14,us,usp0009j9h,2022-04-29T18:12:50.739Z,"South Indian Ocean",earthquake,,,,,reviewed,us,hrv
1999-10-13T01:33:40.130Z,54.657,-161.189,30,6.4,mwc,,,,1.04,us,usp0009fs9,2022-04-29T18:08:17.944Z,"85 km ESE of King Cove, Alaska",earthquake,,,,,reviewed,us,hrv
1999-09-22T00:14:39.150Z,23.729,121.167,26,6.4,mwc,,,,0.89,us,usp0009euk,2022-04-29T18:18:37.577Z,"33 km SE of Puli, Taiwan",earthquake,,,,,reviewed,us,hrv
1999-09-20T21:46:42.870Z,23.39,120.964,33,6.4,mwc,,,,1.41,us,usp0009erf,2022-04-29T18:18:36.137Z,"44 km SSE of Lugu, Taiwan",earthquake,,,,,reviewed,us,hrv
1999-09-15T03:01:24.340Z,-20.934,-67.275,218,6.4,mwc,,,,0.98,us,usp0009eex,2022-04-29T18:18:05.472Z,"70 km SW of Uyuni, Bolivia",earthquake,,,,,reviewed,us,hrv
1999-08-22T09:35:39.470Z,-40.509,-74.756,33,6.4,mwc,,,,1.05,us,usp0009dfz,2022-04-29T18:27:27.250Z,"132 km WSW of Corral, Chile",earthquake,,,,,reviewed,us,hrv
1999-08-14T00:16:52.290Z,-5.885,104.711,101.4,6.4,mwc,,,,0.98,us,usp0009d0j,2022-04-29T18:16:16.647Z,"79 km SW of Bandar Lampung, Indonesia",earthquake,,,,,reviewed,us,hrv
1999-06-18T10:55:25.750Z,5.514,126.639,33,6.4,mwc,,,,0.87,us,usp0009a3f,2022-04-29T18:13:30.924Z,"106 km SSE of Pondaguitan, Philippines",earthquake,,,,,reviewed,us,hrv
1999-05-16T15:25:53.810Z,-2.642,138.217,59.2,6.4,mwc,,,,0.89,us,usp000983u,2022-04-29T18:24:37.823Z,"268 km W of Abepura, Indonesia",earthquake,,,,,reviewed,us,hrv
1999-04-06T08:22:14.270Z,-6.527,147.007,33,6.4,mwb,,,,1.31,us,usp00095vp,2022-04-29T18:32:54.893Z,"21 km N of Lae, Papua New Guinea",earthquake,,,,,reviewed,us,us
1999-02-22T01:00:32.890Z,-21.452,169.682,33,6.4,mwc,,,,1,us,usp000936u,2022-04-29T18:01:57.109Z,"187 km E of Tadine, New Caledonia",earthquake,,,,,reviewed,us,hrv
1999-01-28T18:24:25.270Z,-4.582,153.658,101,6.4,mwb,,,,1.24,us,usp00091uv,2022-04-29T18:00:08.667Z,"156 km E of Kokopo, Papua New Guinea",earthquake,,,,,reviewed,us,us
1999-01-24T00:37:04.630Z,30.618,131.086,33,6.4,mwc,,,,0.92,us,usp00091m0,2022-04-29T17:59:50.740Z,"15 km SSE of Nishinoomote, Japan",earthquake,,,,,reviewed,us,hrv
1998-11-08T07:25:48.510Z,-9.135,121.421,33,6.4,mwc,,,,1.02,us,usp0008xtz,2022-04-29T17:55:21.988Z,"41 km SW of Ende, Indonesia",earthquake,,,,,reviewed,us,hrv
1998-09-21T12:09:39.660Z,-13.573,166.791,33,6.4,mwc,,,,1.17,us,usp0008vac,2022-04-29T17:43:01.458Z,"88 km WNW of Sola, Vanuatu",earthquake,,,,,reviewed,us,hrv
1998-08-27T09:03:36.660Z,39.66,77.343,33,6.4,mwb,,,,1.02,us,usp0008tyb,2022-04-29T17:39:03.175Z,"118 km E of Kashgar, China",earthquake,,,,,reviewed,us,us
1998-07-29T07:14:24.080Z,-32.312,-71.286,51.1,6.4,mwc,,,,0.91,us,usp0008sb9,2022-04-29T17:36:17.213Z,"16 km NNW of La Ligua, Chile",earthquake,,,,,reviewed,us,hrv
1998-06-01T05:34:03.580Z,52.889,160.067,43.7,6.4,mwc,,,,0.88,us,usp0008p47,2022-04-29T17:29:52.759Z,"96 km E of Petropavlovsk-Kamchatsky, Russia",earthquake,,5.6,,,reviewed,us,hrv
1998-03-25T12:17:22.500Z,-63.612,147.937,10,6.4,mwc,,,,0.89,us,usp0008j0d,2022-04-29T17:21:45.585Z,"south of Australia",earthquake,,,,,reviewed,us,hrv
1998-02-20T12:18:06.230Z,36.479,71.086,235.6,6.4,mwb,,,,1.09,us,usp0008gan,2022-04-29T17:19:47.625Z,"46 km WSW of Ashk?sham, Afghanistan",earthquake,,,,,reviewed,us,us
1998-02-07T01:18:59.500Z,24.821,141.746,525.3,6.4,mwc,,,,0.95,us,usp0008fke,2022-04-29T17:18:40.826Z,"Volcano Islands, Japan region",earthquake,,,,,reviewed,us,hrv
1998-02-03T03:02:00.240Z,15.883,-96.298,33,6.4,mwb,,,,0.98,us,usp0008fbv,2022-04-29T17:18:19.616Z,"2 km E of Benito Juárez, Mexico",earthquake,,,,,reviewed,us,us
1998-01-10T04:54:25.390Z,-12.029,-72.074,33,6.4,mwb,,,,1.22,us,usp0008e15,2022-04-29T17:15:26.504Z,"101 km E of Pangoa, Peru",earthquake,,,,,reviewed,us,us
1997-12-11T07:56:28.850Z,3.929,-75.787,177.5,6.4,mwb,,,,0.88,us,usp0008cf7,2022-04-29T17:12:09.334Z,"22 km WSW of Roncesvalles, Colombia",earthquake,,,,,reviewed,us,us
1997-12-05T18:48:22.790Z,53.752,161.746,33,6.4,mwc,,,,1.09,us,usp0008bx5,2022-04-29T17:10:49.124Z,"220 km ENE of Petropavlovsk-Kamchatsky, Russia",earthquake,,,,,reviewed,us,hrv
1997-10-15T03:11:09.020Z,51.43,-177.877,22,6.4,mwc,,,,0.98,us,usp000892w,2022-04-29T17:05:08.383Z,"99 km WSW of Adak, Alaska",earthquake,,,,,reviewed,us,hrv
1997-10-13T13:39:37.490Z,36.379,22.071,24,6.4,mwc,,,,1.24,us,usp00088z4,2022-04-29T17:04:51.253Z,"47 km SSE of Koróni, Greece",earthquake,,,,,reviewed,us,hrv
1997-06-24T23:04:53.140Z,-1.924,127.899,33,6.4,mwc,,,,1.04,us,usp00083xm,2022-04-29T16:56:28.368Z,"193 km NW of Amahai, Indonesia",earthquake,,,,,reviewed,us,hrv
1997-06-17T21:03:40.260Z,51.347,-179.332,33,6.4,mwc,,,,0.93,us,usp00083nk,2022-04-29T16:56:13.018Z,"195 km WSW of Adak, Alaska",earthquake,,,,,reviewed,us,hrv
1997-05-27T08:00:29.050Z,-15.212,-173.328,14,6.4,mwc,,,,0.97,us,usp00082w3,2022-04-29T16:55:14.386Z,"96 km NNE of Hihifo, Tonga",earthquake,,,,,reviewed,us,hrv
1997-03-17T08:05:48.410Z,-6.614,105.514,33,6.4,mwc,,,,1.1,us,usp0007yym,2022-04-29T16:46:21.736Z,"43 km SW of Labuan, Indonesia",earthquake,,,,,reviewed,us,hrv
1997-02-07T08:41:13.410Z,-19.859,-173.289,28,6.4,mwc,,,,0.88,us,usp0007wwp,2022-04-29T16:43:06.147Z,"111 km E of Pangai, Tonga",earthquake,,,,,reviewed,us,hrv
1996-12-31T12:41:42.200Z,15.83,-92.971,99.5,6.4,mwc,,,,0.95,us,usp0007v87,2022-04-29T16:39:43.763Z,"4 km SW of El Ramal (Porvenir), Mexico",earthquake,,,,,reviewed,us,hrv
1996-10-02T09:48:01.560Z,11.761,125.484,33,6.4,mwc,,,,1.05,us,usp0007qun,2022-04-29T20:35:16.581Z,"3 km ENE of San Julian, Philippines",earthquake,,,,,reviewed,us,hrv
1996-10-01T15:50:23.660Z,12.434,58.066,10,6.4,mwc,,,,1.2,us,usp0007qtj,2022-04-29T20:35:12.800Z,"Owen Fracture Zone region",earthquake,,,,,reviewed,us,hrv
1996-09-20T00:03:18.370Z,9.597,126.293,33,6.4,mwc,,,,1.21,us,usp0007q4r,2022-04-29T20:33:39.452Z,"26 km SE of Union, Philippines",earthquake,,,,,reviewed,us,hrv
1996-09-14T13:10:53.970Z,-10.878,165.991,72.7,6.4,mwc,,,,0.8,us,usp0007pxx,2022-04-29T20:32:40.323Z,"27 km SE of Lata, Solomon Islands",earthquake,,,,,reviewed,us,hrv
1996-06-22T00:32:13.470Z,-53.774,8.8,10,6.4,mwc,,,,1.5,us,usp0007k3j,2022-04-29T20:23:02.903Z,"Bouvet Island region",earthquake,,,,,reviewed,us,hrv
1996-02-28T09:44:10.920Z,1.756,126.048,115.5,6.4,mwb,,,,1.2,us,usp0007e36,2022-04-29T20:12:34.634Z,"123 km ENE of Laikit, Laikit II (Dimembe), Indonesia",earthquake,,,,,reviewed,us,us
1996-02-18T02:25:33.350Z,-1.336,136.464,10,6.4,mw,,,,1.4,us,usp0007d8z,2022-04-29T20:10:08.417Z,"46 km ESE of Biak, Indonesia",earthquake,,,,,reviewed,us,hrv
1996-01-30T22:29:57.150Z,-32.921,-178.298,33,6.4,mw,,,,1,us,usp0007c0u,2022-04-29T20:07:32.606Z,"south of the Kermadec Islands",earthquake,,,,,reviewed,us,hrv
1995-12-11T14:09:23.790Z,18.926,-105.471,20,6.4,mwb,,,,1.3,us,usp00078tr,2022-04-29T19:50:15.637Z,"73 km SW of Emiliano Zapata, Mexico",earthquake,,,,,reviewed,us,us
1995-12-10T22:23:12.350Z,44.351,149.742,16,6.4,mwb,,,,1,us,usp00078rw,2022-04-29T19:50:06.447Z,"176 km SE of Kuril’sk, Russia",earthquake,,,,,reviewed,us,us
1995-12-05T06:32:06.100Z,-9.027,124.67,33,6.4,mw,,,,1.3,us,usp000789n,2022-04-29T19:49:14.229Z,"25 km WNW of Atambua, Indonesia",earthquake,,,,,reviewed,us,hrv
1995-12-03T18:14:28.400Z,44.956,150.674,33,6.4,mb,,,,1.1,us,usp000782t,2022-04-29T19:48:40.753Z,"222 km E of Kuril’sk, Russia",earthquake,,,,156,reviewed,us,us
1995-10-06T11:39:34.810Z,-20.002,-175.921,197.8,6.4,mw,,,,0.9,us,usp00074nh,2022-04-29T19:54:58.480Z,"146 km NNW of Nuku‘alofa, Tonga",earthquake,,,,,reviewed,us,hrv
1995-10-01T15:57:16.200Z,38.063,30.134,33,6.4,mw,,,,1.1,us,usp000749b,2022-04-29T19:54:18.068Z,"2 km W of Dinar, Turkey",earthquake,,,,,reviewed,us,hrv
1995-08-31T17:10:35.080Z,-15.838,166.426,16.8,6.4,mw,,,,1,us,usp00072qv,2022-04-29T20:01:06.810Z,"86 km WSW of Luganville, Vanuatu",earthquake,,,,,reviewed,us,hrv
1995-08-29T07:25:49.250Z,-47.937,99.467,10,6.4,mw,,,,1.1,us,usp00072mc,2022-04-29T20:00:41.715Z,"southeast Indian Ridge",earthquake,,,,,reviewed,us,hrv
1995-08-17T10:01:25.990Z,-5.168,153.447,21,6.4,mw,,,,1.2,us,usp00071yq,2022-04-29T19:59:11.663Z,"159 km SE of Kokopo, Papua New Guinea",earthquake,,,,,reviewed,us,hrv
1995-08-17T00:15:50.470Z,-5.934,154.213,14.1,6.4,mw,,,,1.1,us,usp00071xs,2022-04-29T19:58:47.102Z,"146 km WNW of Panguna, Papua New Guinea",earthquake,,,,,reviewed,us,hrv
1995-08-03T01:57:19.900Z,-23.062,-70.588,16.8,6.4,mw,,,,1.2,us,usp00071ch,2022-04-29T19:57:53.499Z,"68 km NNW of Antofagasta, Chile",earthquake,,,,,reviewed,us,hrv
1995-07-28T14:29:11.030Z,-21.182,-175.394,92.4,6.4,mwb,,,,0.8,us,usp000712s,2022-04-29T20:16:29.624Z,"19 km W of Haveluloto, Tonga",earthquake,,,,,reviewed,us,us
1995-07-26T23:42:02.780Z,2.534,127.681,65.4,6.4,mwb,,,,1.1,us,usp000710t,2022-04-29T20:15:43.894Z,"96 km NNW of Tobelo, Indonesia",earthquake,,,,,reviewed,us,us
1995-05-31T16:08:40.250Z,18.956,-107.42,33,6.4,mwb,,,,1.1,us,usp0006yd5,2022-04-29T17:18:04.698Z,"236 km WSW of La Cruz de Loreto, Mexico",earthquake,,,,,reviewed,us,us
1995-05-08T18:08:06.290Z,11.465,125.962,12,6.4,mw,,,,1.1,us,usp0006x32,2022-04-29T16:54:27.134Z,"40 km ENE of Hernani, Philippines",earthquake,,,,,reviewed,us,hrv
1995-05-06T01:59:07.130Z,24.987,95.294,117.5,6.4,mwb,,,,1,us,usp0006wyk,2022-04-29T16:51:35.739Z,"109 km SE of Phek, India",earthquake,,,,,reviewed,us,us
1995-02-08T18:40:25.380Z,4.104,-76.622,73.5,6.4,mwb,,,,0.9,us,usp0006skc,2022-04-29T17:39:24.724Z,"24 km NW of Darien, Colombia",earthquake,,,,,reviewed,us,us
1995-02-03T02:31:35.240Z,-62.711,155.666,10,6.4,mwb,,,,1.1,us,usp0006s9v,2022-04-29T17:33:57.056Z,"Balleny Islands region",earthquake,,,,,reviewed,us,us
1994-12-28T22:37:46.340Z,40.375,143.636,10.5,6.4,mwb,,,,0.8,us,usp0006qjm,2022-04-28T17:19:30.084Z,"165 km ENE of Miyako, Japan",earthquake,,,,,reviewed,us,us
1994-12-27T17:32:50.810Z,-31.965,179.86,212.4,6.4,mwb,,,,1,us,usp0006qgk,2022-04-28T17:18:54.393Z,"Kermadec Islands region",earthquake,,,,,reviewed,us,us
1994-10-13T05:04:24.980Z,-1.212,127.912,10.7,6.4,mwb,,,,1.3,us,usp0006m1p,2022-04-28T17:29:55.886Z,"219 km S of Sofifi, Indonesia",earthquake,,,,,reviewed,us,us
1994-10-12T06:43:39.730Z,13.773,124.529,15.7,6.4,mwb,,,,1.2,us,usp0006m04,2022-04-28T17:29:52.475Z,"15 km E of Gigmoto, Philippines",earthquake,,,,,reviewed,us,us
1994-07-24T17:55:40.380Z,-16.966,167.574,20.5,6.4,mw,,,,1.3,us,usp0006g2y,2022-04-28T17:37:56.177Z,"97 km S of Lakatoro, Vanuatu",earthquake,,,,,reviewed,us,hrv
1994-06-05T01:09:30.150Z,24.511,121.905,11.4,6.4,mwb,,,,1.2,us,usp0006drf,2022-04-28T17:38:37.059Z,"31 km SSE of Yilan, Taiwan",earthquake,,,,,reviewed,us,us
1994-04-08T01:10:40.840Z,40.608,143.683,13.3,6.4,mwb,,,,1,us,usp0006at4,2022-04-28T17:44:22.728Z,"182 km NE of Miyako, Japan",earthquake,,,,,reviewed,us,us
1994-03-15T03:36:19.930Z,11.11,-88.083,14.5,6.4,mwb,,,,1,us,usp00069qj,2022-04-28T17:22:50.893Z,"181 km SSW of Corinto, Nicaragua",earthquake,,,,,reviewed,us,us
1994-02-16T06:48:58.040Z,-18.991,168.134,13.3,6.4,mw,,,,1.4,us,usp00068kb,2022-04-28T17:50:06.418Z,"135 km WNW of Isangel, Vanuatu",earthquake,,,,,reviewed,us,hrv
1993-09-29T11:16:03.540Z,0.494,121.528,96.6,6.4,mw,,,,1.2,us,usp000617r,2022-04-28T18:01:19.712Z,"170 km W of Gorontalo, Indonesia",earthquake,,,,,reviewed,us,hrv
1993-09-19T14:10:56.180Z,14.362,-93.325,18,6.4,mw,,,,1.2,us,usp00060mr,2022-04-28T18:00:54.790Z,"105 km WSW of Puerto Madero, Mexico",earthquake,,,,,reviewed,us,hrv
1993-08-10T09:46:35.350Z,-38.52,177.553,14.4,6.4,mw,,,,1.1,us,usp0005y8t,2022-04-28T18:03:24.339Z,"42 km WNW of Gisborne, New Zealand",earthquake,,,,,reviewed,us,hrv
1993-08-09T11:38:30.530Z,36.436,70.711,204.2,6.4,mwb,,,,1,us,usp0005y6e,2022-04-28T18:03:02.163Z,"48 km SSW of Jurm, Afghanistan",earthquake,,,,,reviewed,us,us
1993-08-07T00:00:37.070Z,26.585,125.612,155,6.4,mwb,,,,1.1,us,usp0005y1k,2022-04-28T18:02:35.929Z,"199 km N of Hirara, Japan",earthquake,,,,,reviewed,us,us
1993-07-06T02:53:03.780Z,-24.601,-111.888,10,6.4,mw,,,,1.1,us,usp0005vp8,2022-04-28T18:05:52.705Z,"Easter Island region",earthquake,,,,,reviewed,us,hrv
1993-06-29T07:07:11.580Z,-60.437,152.775,10,6.4,mw,,,,1.2,us,usp0005vce,2022-04-28T18:10:28.137Z,"west of Macquarie Island",earthquake,,,,,reviewed,us,hrv
1993-05-29T06:50:13.420Z,19.072,-26.476,12,6.4,mwb,,,,0.9,us,usp0005tp6,2022-04-28T18:14:23.813Z,"253 km NW of Ponta do Sol, Cabo Verde",earthquake,,,,,reviewed,us,us
1993-05-17T16:02:53.120Z,-5.343,151.985,17.3,6.4,mw,,,,1.1,us,usp0005sym,2022-04-28T18:12:41.079Z,"114 km SSW of Kokopo, Papua New Guinea",earthquake,,,,,reviewed,us,hrv
1993-05-02T11:26:54.870Z,-56.415,-24.491,12.9,6.4,mwb,,,,1.1,us,usp0005s3c,2022-04-28T18:10:41.346Z,"South Sandwich Islands region",earthquake,,,,,reviewed,us,us
1993-03-12T14:01:35.400Z,-14.385,-178.252,9.6,6.4,mwb,,,,1.2,us,usp0005pd4,2022-04-28T18:18:23.675Z,"Fiji region",earthquake,,,,,reviewed,us,us
1993-01-20T17:31:15.570Z,-7.205,128.566,33,6.4,mw,,,,1.2,us,usp0005m0k,2022-04-28T18:23:47.834Z,"226 km NE of Lospalos, Timor Leste",earthquake,,,,,reviewed,us,hrv
1993-01-18T01:18:06.340Z,18.414,145.734,151.1,6.4,mwb,,,,1.2,us,usp0005kwn,2022-04-28T18:23:08.619Z,"Pagan region, Northern Mariana Islands",earthquake,,,,,reviewed,us,us
1992-12-31T20:17:08.640Z,-32.015,-178.025,16.4,6.4,mwb,,,,1.1,us,usp0005k58,2022-04-28T18:27:02.725Z,"south of the Kermadec Islands",earthquake,,,,,reviewed,us,us
1992-11-04T18:13:13.460Z,-14.238,167.641,14.1,6.4,mw,,,,1.1,us,usp0005g9v,2022-04-28T18:27:15.553Z,"41 km SSE of Sola, Vanuatu",earthquake,,,,,reviewed,us,hrv
1992-11-04T01:59:26.900Z,-61.542,154.573,10,6.4,mw,,,,1.1,us,usp0005g8t,2022-04-28T18:27:08.527Z,"Balleny Islands region",earthquake,,,,,reviewed,us,hrv
1992-10-23T23:19:45.200Z,42.589,45.104,16.4,6.4,mw,,,,1,us,usp0005ftd,2022-04-28T18:33:59.208Z,"38 km ESE of St’epants’minda, Georgia",earthquake,,,,,reviewed,us,hrv
1992-10-23T13:04:40.710Z,-5.352,152.616,30.7,6.4,mw,,,,1,us,usp0005fsg,2022-04-28T18:33:45.956Z,"118 km SSE of Kokopo, Papua New Guinea",earthquake,,,,,reviewed,us,hrv
1992-09-28T14:06:02.640Z,24.121,122.648,29.6,6.4,mwb,,,,1,us,usp0005end,2022-04-28T18:37:43.203Z,"52 km SW of Yonakuni, Japan",earthquake,,,,,reviewed,us,us
1992-09-11T03:57:26.500Z,-6.087,26.651,10.8,6.4,mwb,,,,1,us,usp0005dur,2022-04-28T18:35:57.844Z,"29 km W of Kabalo, Democratic Republic of the Congo",earthquake,,,,,reviewed,us,us
1992-08-30T20:09:05.770Z,-17.918,-178.71,565,6.4,mwb,,,,0.9,us,usp0005daz,2022-04-28T18:40:45.047Z,"209 km E of Levuka, Fiji",earthquake,,,,,reviewed,us,us
1992-08-11T15:14:55.130Z,32.536,141.641,15.5,6.4,mwb,,,,1.1,us,usp0005ca9,2022-04-28T18:39:17.758Z,"Izu Islands, Japan region",earthquake,,,,,reviewed,us,us
1992-08-04T21:08:41.780Z,-12.127,166.589,91,6.4,mw,,,,1,us,usp0005bzq,2022-04-28T18:38:32.891Z,"177 km SSE of Lata, Solomon Islands",earthquake,,,,,reviewed,us,hrv
1992-07-18T10:20:11.940Z,39.436,143.026,26.7,6.4,mw,,,,1,us,usp0005b1s,2022-04-28T18:41:58.727Z,"92 km E of Yamada, Japan",earthquake,,,,,reviewed,us,hrv
1992-03-13T16:01:04.480Z,52.451,-178.945,197.4,6.4,mwb,,,,1,us,usp000547a,2022-04-28T18:52:03.934Z,"170 km WNW of Adak, Alaska",earthquake,,,,,reviewed,us,us
1992-03-05T14:39:10.250Z,52.9,159.619,45.2,6.4,mwb,,,,1,us,usp00053wx,2022-04-28T18:51:21.544Z,"67 km ESE of Petropavlovsk-Kamchatsky, Russia",earthquake,,,,,reviewed,us,us
1992-03-04T03:49:54.800Z,-3.008,147.882,19.4,6.4,mw,,,,1.3,us,usp00053v1,2022-04-28T18:51:15.383Z,"127 km SSE of Lorengau, Papua New Guinea",earthquake,,,,,reviewed,us,hrv
1991-12-29T18:39:09.460Z,-4.421,132.727,36.7,6.4,mw,,,,1.1,us,usp000514s,2022-04-28T18:58:30.868Z,"133 km N of Tual, Indonesia",earthquake,,,,,reviewed,us,hrv
1991-12-27T09:09:37.500Z,51.019,98.15,13.5,6.4,mw,,,,1.1,us,usp0005119,2022-04-28T18:58:21.490Z,"64 km NE of Kungurtug, Russia",earthquake,,,,,reviewed,us,hrv
1991-12-13T19:55:09.550Z,45.435,151.27,48.2,6.4,mw,,,,0.9,us,usp00050df,2022-04-28T18:57:29.953Z,"266 km E of Kuril’sk, Russia",earthquake,,,,,reviewed,us,hrv
1991-12-11T17:03:10.640Z,-17.821,-116.017,18.9,6.4,mwb,,,,0.9,us,usp000509u,2022-04-28T18:57:20.524Z,"southern East Pacific Rise",earthquake,,,,,reviewed,us,us
1991-11-26T19:40:48.570Z,42.051,142.523,56.3,6.4,mwb,,,,1,us,usp0004zq5,2022-04-28T19:00:22.934Z,"33 km SSE of Shizunai-furukawach?, Japan",earthquake,,,,,reviewed,us,us
1991-10-14T16:16:57.220Z,-9.08,158.599,31.3,6.4,ms,,,,0.9,us,usp0004xts,2022-04-28T19:01:43.651Z,"140 km WNW of Malango, Solomon Islands",earthquake,,,,2,reviewed,us,us
1991-09-03T09:05:28.310Z,-17.91,-116.001,8.5,6.4,mwb,,,,1,us,usp0004w6r,2022-04-28T19:03:31.389Z,"southern East Pacific Rise",earthquake,,,,,reviewed,us,us
1991-09-03T08:44:48.600Z,33.649,138.778,27.2,6.4,mwb,,,,1.1,us,usp0004w6p,2022-04-28T19:03:29.582Z,"115 km S of Shimoda, Japan",earthquake,,,,,reviewed,us,us
1991-07-02T05:14:30.190Z,-1.068,99.843,53.8,6.4,mwb,,,,1.2,us,usp0004tp6,2022-04-28T19:06:18.539Z,"58 km WSW of Padang, Indonesia",earthquake,,,,,reviewed,us,us
1991-06-10T17:35:49.480Z,23.771,-45.368,9.7,6.4,mw,,,,0.8,us,usp0004srj,2022-04-28T19:09:33.529Z,"northern Mid-Atlantic Ridge",earthquake,,,,,reviewed,us,nc
1991-05-17T02:31:25.700Z,-4.39,142.715,59,6.4,mw,,,,1.2,us,usp0004rr7,2022-04-28T19:14:30.590Z,"22 km SSW of Ambunti, Papua New Guinea",earthquake,,,,,reviewed,us,hrv
1991-03-11T21:15:56.420Z,-51.154,29.255,10,6.4,mw,,,,1.2,us,usp0004nya,2022-04-28T19:21:23.793Z,"south of Africa",earthquake,,,,,reviewed,us,hrv
1991-02-09T16:30:32.530Z,-9.858,159.174,10,6.4,ms,,,,0.8,us,usp0004mrj,2022-04-28T19:22:42.662Z,"62 km WSW of Malango, Solomon Islands",earthquake,,,,2,reviewed,us,us
1991-01-25T17:40:16.450Z,-2.275,139.206,33,6.4,mb,,,,0.7,us,usp0004m4u,2022-04-28T19:28:10.316Z,"162 km WNW of Abepura, Indonesia",earthquake,,,,1,reviewed,us,us
1991-01-23T01:12:29.750Z,51.965,178.838,108.4,6.4,mw,,,,1.1,us,usp0004m1x,2022-04-28T19:27:57.863Z,"Rat Islands, Aleutian Islands, Alaska",earthquake,,,,,reviewed,us,hrv
1990-12-11T14:41:42.550Z,-15.461,-173.117,12.8,6.4,mw,,,,1.2,us,usp0004hzg,2022-04-28T19:29:48.419Z,"90 km NE of Hihifo, Tonga",earthquake,,,,,reviewed,us,nc
1990-11-12T12:28:51.520Z,42.959,78.071,19.1,6.4,mw,,,,1.2,us,usp0004gu0,2022-04-28T19:33:19.638Z,"35 km NW of Tyup, Kyrgyzstan",earthquake,,,,,reviewed,us,nc
1990-09-23T17:54:02.960Z,-17.732,167.612,10,6.4,mw,,,,1.3,us,usp0004ezv,2022-04-28T19:38:41.573Z,"74 km W of Port-Vila, Vanuatu",earthquake,,,,,reviewed,us,hrv
1990-09-17T13:47:26.640Z,-53.155,159.632,10,6.4,mw,,,,1.3,us,usp0004eu7,2022-04-28T19:38:26.659Z,"Macquarie Island region",earthquake,,,,,reviewed,us,hrv
1990-08-25T15:47:53.890Z,0.525,126.084,11.3,6.4,mw,,,,1.1,us,usp0004dw9,2022-04-28T19:41:29.274Z,"147 km WSW of Ternate, Indonesia",earthquake,,,,,reviewed,us,hrv
1990-08-05T17:42:32.170Z,-1.08,-13.887,10,6.4,mw,,,,1,us,usp0004d06,2022-04-28T19:39:48.811Z,"north of Ascension Island",earthquake,,,,,reviewed,us,hrv
1990-07-13T14:20:43.470Z,36.415,70.789,216.8,6.4,mw,,,,1.1,us,usp0004bt0,2022-04-28T19:42:28.941Z,"50 km S of Jurm, Afghanistan",earthquake,,,,,reviewed,us,hrv
1990-07-10T03:17:59.290Z,-10.353,161.119,66.3,6.4,mw,,,,1,us,usp0004bm5,2022-04-28T19:42:19.333Z,"88 km W of Kirakira, Solomon Islands",earthquake,,,,,reviewed,us,hrv
1990-05-13T04:23:09.600Z,-40.296,176.064,20.6,6.4,mw,,,,1.2,us,usp0004985,2022-04-28T17:25:10.959Z,"39 km E of Palmerston North, New Zealand",earthquake,,,,,reviewed,us,nc
1990-05-02T22:50:29.560Z,-5.604,150.164,81.6,6.4,mw,,,,1,us,usp00048s8,2022-04-28T19:48:20.848Z,"6 km SSE of Kimbe, Papua New Guinea",earthquake,,,,,reviewed,us,hrv
1990-04-28T01:23:11.510Z,8.887,-83.5,22.7,6.4,mw,,,,1,us,usp00048ju,2022-04-28T19:53:33.896Z,"8 km SSE of Ciudad Cortés, Costa Rica",earthquake,,,,,reviewed,us,hrv
1990-03-25T13:16:06.920Z,9.814,-84.828,26.6,6.4,ms,,,,1,us,usp000471z,2022-04-28T19:56:24.015Z,"11 km E of Paquera, Costa Rica",earthquake,,,,2,reviewed,us,us
1990-03-12T14:41:19.480Z,51.484,-175.032,13.8,6.4,mw,,,,1.1,us,usp00046gt,2022-04-28T17:25:58.757Z,"97 km SW of Atka, Alaska",earthquake,,,,,reviewed,us,hrv
1990-02-20T06:53:39.890Z,34.706,139.252,14.2,6.4,mw,,,,1.3,us,usp00045p0,2022-04-28T19:59:24.157Z,"28 km E of Shimoda, Japan",earthquake,,,,,reviewed,us,hrv
1989-10-27T01:45:55.080Z,39.823,143.692,9.1,6.4,mw,,,,1,us,usp00041b1,2022-04-28T20:09:57.121Z,"151 km E of Miyako, Japan",earthquake,,,,,reviewed,us,nc
1989-09-13T11:40:46.040Z,-35.577,-17.063,11.9,6.4,mw,,,,1.3,us,usp0003zh8,2022-04-28T20:11:14.895Z,"southern Mid-Atlantic Ridge",earthquake,,,,,reviewed,us,nc
1989-09-04T05:20:55.930Z,-4.219,136.667,9.1,6.4,mw,,,,1,us,usp0003z73,2022-04-28T20:10:27.641Z,"160 km SE of Nabire, Indonesia",earthquake,,,,,reviewed,us,hrv
1989-08-21T01:09:06.630Z,11.874,41.87,15.8,6.4,mw,,,,1,us,usp0003ypw,2022-04-28T20:12:50.889Z,"17 km NNE of Gâlâfi, Djibouti",earthquake,,,,,reviewed,us,hrv
1989-07-03T17:02:32.780Z,-53.187,160.168,33,6.4,ms,,,,1.4,us,usp0003wx6,2022-05-09T14:44:46.391Z,"Macquarie Island region",earthquake,,,,1,reviewed,us,us
1989-06-16T23:42:35.120Z,31.807,137.982,359.9,6.4,mw,,,,0.9,us,usp0003wbg,2022-04-28T20:16:00.963Z,"284 km SE of Shing?, Japan",earthquake,,,,,reviewed,us,nc
1989-05-31T05:54:20.560Z,-45.383,167.086,23.2,6.4,mw,,,,1.2,us,usp0003vu4,2022-04-28T20:19:38.503Z,"49 km W of Te Anau, New Zealand",earthquake,,,,,reviewed,us,hrv
1989-04-20T22:59:54.070Z,57.166,121.976,26.3,6.4,mw,,,,0.9,us,usp0003u6c,2022-04-28T20:20:58.723Z,"171 km WNW of Neryungri, Russia",earthquake,,,,,reviewed,us,par
1989-04-15T20:34:08.930Z,29.987,99.195,13.3,6.4,mw,,,,1.2,us,usp0003u05,2022-04-28T20:20:36.021Z,"231 km SE of Qamdo, China",earthquake,,,,,reviewed,us,hrv
1989-02-27T23:39:10.820Z,2.301,128.009,53.7,6.4,mw,,,,1.2,us,usp0003sdm,2022-04-28T20:26:50.996Z,"63 km N of Tobelo, Indonesia",earthquake,,3.1,,,reviewed,us,hrv
1989-01-17T00:35:23.180Z,-6.151,148.947,31.8,6.4,mw,,,,1.2,us,usp0003qxm,2022-04-28T20:28:08.490Z,"66 km W of Kandrian, Papua New Guinea",earthquake,,,,,reviewed,us,nc
1988-12-16T09:57:16.590Z,-29.79,-177.915,30.7,6.4,mw,,,,1.1,us,usp0003pwp,2022-04-28T20:29:12.044Z,"Kermadec Islands, New Zealand",earthquake,,,,,reviewed,us,nc
1988-12-05T16:05:32.760Z,-15.259,-173.525,40.1,6.4,mw,,,,1.1,us,usp0003pjt,2022-04-28T20:28:51.295Z,"82 km NNE of Hihifo, Tonga",earthquake,,,,,reviewed,us,nc
1988-11-06T13:15:43.380Z,23.181,99.439,10,6.4,mb,,,,1,us,usp0003nkt,2022-04-28T20:30:21.097Z,"175 km E of Lashio, Myanmar",earthquake,,,,58,reviewed,us,us
1988-07-19T01:00:19.690Z,-19.576,-175.038,137,6.4,mw,,,,1,us,usp0003hzc,2022-04-28T17:27:16.859Z,"76 km WNW of Pangai, Tonga",earthquake,,,,,reviewed,us,nc
1988-05-04T23:47:02.440Z,18.512,145.858,122.5,6.4,mw,,,,1.2,us,usp0003fnv,2022-04-28T20:45:49.258Z,"Pagan region, Northern Mariana Islands",earthquake,,,,,reviewed,us,nc
1988-04-08T23:13:24.140Z,-3.409,145.697,32.3,6.4,ms,,,,1.3,us,usp0003euf,2022-04-28T20:48:49.785Z,"195 km ENE of Angoram, Papua New Guinea",earthquake,,,,16,reviewed,us,us
1988-02-07T18:15:05.630Z,50.785,173.465,33,6.4,mw,,,,1.1,us,usp0003cuh,2022-04-28T20:53:42.390Z,"230 km S of Attu Station, Alaska",earthquake,,,,,reviewed,us,nc
1988-02-07T08:46:58.900Z,60.2838,-152.9525,134,6.4,mw,,,,0.42,ak,ak9881qzgn36,2022-04-28T20:53:40.913Z,"75 km WNW of Ninilchik, Alaska",earthquake,,2.7,,,reviewed,ak,ak
1988-01-15T08:40:23.930Z,-20.789,-175.993,213.7,6.4,mw,,,,1,us,usp0003c2z,2022-04-28T20:56:16.059Z,"90 km WNW of Haveluloto, Tonga",earthquake,,,,,reviewed,us,nc
1987-12-12T04:51:50.510Z,29.692,140.025,164,6.4,mw,,,,1,us,usp0003b79,2022-04-27T21:25:49.302Z,"Izu Islands, Japan region",earthquake,,,,,reviewed,us,nc
1987-12-04T19:51:35.790Z,-5.777,154.555,144.6,6.4,mw,,,,1,us,usp0003aya,2022-04-27T21:24:45.968Z,"118 km WNW of Panguna, Papua New Guinea",earthquake,,,,,reviewed,us,hrv
1987-11-18T16:27:05.270Z,12.845,124.77,22.2,6.4,mw,,,,1,us,usp0003a8a,2022-04-27T21:30:00.415Z,"34 km N of Bugko, Philippines",earthquake,,,,,reviewed,us,hrv
1987-10-27T21:58:17.000Z,-28.676,-62.929,604.5,6.4,mw,,,,1,us,usp00039p3,2022-04-27T21:33:33.085Z,"8 km SSE of Colonia Dora, Argentina",earthquake,,,,,reviewed,us,hrv
1987-10-03T10:16:26.270Z,-5.447,131.012,73.5,6.4,mw,,,,0.9,us,usp00038y5,2022-04-27T21:31:30.153Z,"193 km W of Tual, Indonesia",earthquake,,,,,reviewed,us,hrv
1987-09-22T13:43:37.680Z,-0.978,-78.05,10,6.4,mw,,,,1,us,usp00038m3,2022-04-27T21:36:01.235Z,"26 km W of Tena, Ecuador",earthquake,,,,,reviewed,us,hrv
1987-07-10T18:49:53.910Z,55.137,165.525,33,6.4,mw,,,,1.1,us,usp00036hz,2022-04-27T21:39:14.160Z,"226 km ESE of Ust’-Kamchatsk Staryy, Russia",earthquake,,,,,reviewed,us,nc
1987-04-25T19:22:07.200Z,2.244,98.866,11.1,6.4,mw,,,,1.3,us,usp00034fg,2022-04-27T21:48:01.087Z,"45 km S of Tomok Bolon, Indonesia",earthquake,,,,,reviewed,us,hrv
1987-04-08T17:42:37.260Z,11.678,-86.401,55.8,6.4,mw,,,,1.1,us,usp000340n,2022-04-27T21:47:33.428Z,"11 km SSW of El Rosario, Nicaragua",earthquake,,3.5,,,reviewed,us,hrv
1987-03-21T10:41:35.970Z,52.056,-177.547,93.3,6.4,mw,,,,0.9,us,usp00033gg,2022-04-27T21:50:14.130Z,"65 km WNW of Adak, Alaska",earthquake,,,,,reviewed,us,hrv
1987-03-06T01:54:50.490Z,0.048,-77.653,14.1,6.4,mw,,,,0.9,us,usp000330t,2022-04-27T21:48:49.089Z,"49 km SE of Pimampiro, Ecuador",earthquake,,,,,reviewed,us,nc
1987-02-11T07:56:12.910Z,-15.834,167.355,23.9,6.4,ms,,,,1.2,us,usp00032cx,2022-04-27T21:52:08.084Z,"25 km N of Norsup, Vanuatu",earthquake,,,,27,reviewed,us,us
1987-02-06T12:23:48.020Z,36.992,141.786,35.6,6.4,mw,,,,1.2,us,usp000327c,2022-04-27T21:51:03.425Z,"80 km E of Iwaki, Japan",earthquake,,,,,reviewed,us,hrv
1987-01-29T02:43:47.660Z,1.265,126.232,48.4,6.4,mw,,,,1.2,us,usp000320a,2022-04-27T21:56:15.668Z,"138 km WNW of Ternate, Indonesia",earthquake,,,,,reviewed,us,nc
1986-12-25T17:17:34.200Z,-44.891,-80.105,10,6.4,mw,,,,1.3,us,usp000314z,2022-04-27T21:58:55.703Z,"Off the coast of Aisen, Chile",earthquake,,,,,reviewed,us,hrv
1986-12-22T14:18:37.910Z,-56.879,-48.76,10,6.4,mw,,,,1.1,us,usp000312n,2022-04-27T21:58:48.462Z,"Scotia Sea",earthquake,,,,,reviewed,us,hrv
1986-10-25T20:47:01.800Z,-17.663,168.135,30.6,6.4,mw,,,,1.1,us,usp0002zbs,2022-04-27T22:03:50.190Z,"20 km WNW of Port-Vila, Vanuatu",earthquake,,,,,reviewed,us,nc
1986-10-24T02:58:47.010Z,-5.629,153.875,52,6.4,mw,,,,1.2,us,usp0002z9m,2022-04-27T22:03:45.420Z,"193 km WNW of Panguna, Papua New Guinea",earthquake,,7.9,,,reviewed,us,hrv
1986-10-17T07:32:51.300Z,-5.272,131.432,67,6.4,mw,,,,1.1,us,usp0002z0r,2022-04-27T22:02:09.223Z,"151 km WNW of Tual, Indonesia",earthquake,,1.6,,,reviewed,us,hrv
1986-08-20T21:23:54.880Z,34.572,91.633,33,6.4,mw,,,,1.2,us,usp0002xc0,2022-04-27T22:08:20.482Z,"Southern Qinghai, China",earthquake,,,,,reviewed,us,hrv
1986-08-17T15:27:41.260Z,2.276,126.959,30.7,6.4,mw,,,,1.2,us,usp0002x8a,2022-04-27T22:07:49.531Z,"131 km WNW of Tobelo, Indonesia",earthquake,,,,,reviewed,us,hrv
1986-08-16T17:19:23.020Z,1.864,126.522,33,6.4,mw,,,,1.4,us,usp0002x7a,2022-04-27T22:07:26.075Z,"152 km NW of Ternate, Indonesia",earthquake,,,,,reviewed,us,hrv
1986-07-21T14:42:26.000Z,37.538,-118.4428333,8.804,6.4,ml,42,55,0.09369,0.06,nc,nc10085763,2022-04-27T22:10:20.652Z,"15 km NNE of Mesa, California",earthquake,0.22,0.77,,7,reviewed,nc,nc
1986-06-24T06:56:54.590Z,-0.085,-17.824,21.6,6.4,mw,,,,0.9,us,usp0002vbx,2022-04-27T22:15:13.150Z,"north of Ascension Island",earthquake,,,,,reviewed,us,hrv
1986-05-15T06:38:37.980Z,52.294,-174.726,33,6.4,mw,,,,1.2,us,usp0002u0x,2022-04-27T22:17:15.244Z,"37 km WNW of Atka, Alaska",earthquake,,,,,reviewed,us,hrv
1986-05-08T14:37:35.930Z,4.627,125.499,165.5,6.4,mw,,,,1.2,us,usp0002trj,2022-04-27T22:16:27.830Z,"85 km S of Sarangani, Philippines",earthquake,,2.1,,,reviewed,us,hrv
1986-05-08T05:37:20.260Z,51.336,-175.363,18.1,6.4,mw,,,,1,us,usp0002tq1,2022-04-27T22:16:26.665Z,"106 km SE of Adak, Alaska",earthquake,,,,,reviewed,us,hrv
1986-04-14T14:52:10.580Z,-57.724,-24.373,11.1,6.4,mw,,,,1.3,us,usp0002sx0,2022-04-27T22:19:02.395Z,"South Sandwich Islands region",earthquake,,,,,reviewed,us,hrv
1986-03-07T02:46:52.030Z,-4.99,151.71,115.9,6.4,mw,,,,1,us,usp0002rm4,2022-04-27T22:21:18.534Z,"94 km SW of Kokopo, Papua New Guinea",earthquake,,2.2,,,reviewed,us,nc
1985-10-29T14:10:39.440Z,-9.569,150.989,10,6.4,mw,,,,1.1,us,usp0002m8x,2022-04-27T22:35:09.436Z,"101 km NE of Alotau, Papua New Guinea",earthquake,,,,,reviewed,us,hrv
1985-10-12T22:20:38.030Z,0.917,-29.921,10,6.4,mw,,,,1.2,us,usp0002kre,2022-04-27T22:33:37.500Z,"central Mid-Atlantic Ridge",earthquake,,,,,reviewed,us,hrv
1985-09-10T06:39:01.740Z,27.208,139.848,501,6.4,mw,,,,1,us,usp0002jkn,2022-04-27T22:36:57.116Z,"Bonin Islands, Japan region",earthquake,,,,,reviewed,us,hrv
1985-08-21T11:26:28.710Z,-9.159,-78.887,56.9,6.4,mw,,,,1,us,usp0002hz9,2022-04-27T22:41:09.631Z,"32 km SW of Puerto Santa, Peru",earthquake,,,,,reviewed,us,hrv
1985-08-04T02:36:23.870Z,7.496,123.5,35.6,6.4,mw,,,,1.2,us,usp0002hbr,2022-04-27T22:38:36.726Z,"9 km ENE of Malim, Philippines",earthquake,,6.2,,,reviewed,us,hrv
1985-08-02T07:46:53.300Z,36.174,70.78,120.1,6.4,mw,,,,0.9,us,usp0002hap,2022-04-27T22:38:35.577Z,"76 km S of Jurm, Afghanistan",earthquake,,3.7,,,reviewed,us,hrv
1985-07-28T22:59:54.580Z,-60.241,-26.883,33,6.4,mw,,,,1.3,us,usp0002h5q,2022-04-27T22:44:50.804Z,"South Sandwich Islands region",earthquake,,,,,reviewed,us,hrv
1985-07-03T03:11:31.500Z,-54.82,146.436,10,6.4,mw,,,,1.4,us,usp0002gc2,2022-04-27T22:42:54.885Z,"west of Macquarie Island",earthquake,,,,,reviewed,us,hrv
1985-06-23T19:49:54.480Z,-10.937,163.76,32.1,6.4,mw,,,,1.2,us,usp0002g3d,2022-04-27T22:46:19.296Z,"208 km ESE of Kirakira, Solomon Islands",earthquake,,5.9,,,reviewed,us,hrv
1985-06-10T15:37:00.990Z,-27.958,-66.995,151.4,6.4,mw,,,,1.1,us,usp0002fqu,2022-04-27T22:46:00.770Z,"30 km SSE of Londres, Argentina",earthquake,,2.5,,,reviewed,us,hrv
1985-05-14T18:11:08.950Z,-10.562,41.424,10,6.4,mw,,,,0.9,us,usp0002eu6,2022-04-27T22:47:26.258Z,"120 km E of Madimba, Tanzania",earthquake,,,,,reviewed,us,nc
1985-05-02T08:55:16.310Z,48.871,156.329,43.1,6.4,mw,,,,1,us,usp0002ecu,2022-04-27T22:46:32.392Z,"201 km S of Severo-Kuril’sk, Russia",earthquake,,,,,reviewed,us,hrv
1985-04-07T00:19:33.190Z,-56.39,-122.309,10,6.4,mw,,,,1.2,us,usp0002dj8,2022-04-27T22:48:45.500Z,"southern East Pacific Rise",earthquake,,,,,reviewed,us,hrv
1985-03-28T16:07:06.840Z,40.31,140.362,166.3,6.4,mw,,,,1,us,usp0002d95,2022-04-27T22:53:58.868Z,"9 km N of Takanosu, Japan",earthquake,,1.7,,,reviewed,us,nc
1985-03-22T14:42:58.630Z,-6.584,105.419,69.7,6.4,mw,,,,1.2,us,usp0002d47,2022-04-27T22:53:37.386Z,"50 km WSW of Labuan, Indonesia",earthquake,,,,,reviewed,us,hrv
1985-03-03T23:38:31.430Z,-32.738,-71.215,33,6.4,ms,,,,1.3,us,usp0002cd0,2022-05-09T19:15:22.874Z,"5 km N of Hacienda La Calera, Chile",earthquake,,,,1,reviewed,us,us
1985-03-01T17:11:17.500Z,-2.082,119.67,17.1,6.4,mw,,,,1.3,us,usp0002cau,2022-04-27T22:51:12.035Z,"101 km NNW of Rantepao, Indonesia",earthquake,,6.6,,,reviewed,us,hrv
1984-12-11T23:22:19.350Z,-22.407,-68.599,91.5,6.4,mw,,,,1.1,us,usp00029ye,2022-04-27T22:59:15.779Z,"33 km E of Calama, Chile",earthquake,,2.4,,,reviewed,us,hrv
1984-12-03T04:08:35.100Z,44.212,148.138,64.5,6.4,mw,,,,1,us,usp00029r8,2022-04-27T22:58:36.907Z,"114 km S of Kuril’sk, Russia",earthquake,,,,,reviewed,us,hrv
1984-12-02T06:09:44.010Z,20.357,-115.765,10,6.4,mw,,,,1.2,us,usp00029q7,2022-04-27T22:58:32.559Z,"east central Pacific Ocean",earthquake,,,,,reviewed,us,hrv
1984-11-23T04:45:53.260Z,-7.993,102.255,33,6.4,mw,,,,1.2,us,usp00029b1,2022-04-27T23:08:35.262Z,"southwest of Sumatra, Indonesia",earthquake,,,,,reviewed,us,nc
1984-11-21T14:33:20.150Z,-14.505,171.162,23.4,6.4,mw,,,,1.1,us,usp000298z,2022-04-27T23:08:20.330Z,"Vanuatu region",earthquake,,7.2,,,reviewed,us,hrv
1984-10-13T05:32:38.860Z,-15.771,177.245,10,6.4,mw,,,,1.2,us,usp000283y,2022-04-27T23:10:39.320Z,"200 km NNW of Ba, Fiji",earthquake,,,,,reviewed,us,nc
1984-08-31T15:42:11.770Z,-17.957,172.149,29,6.4,mw,,,,1,us,usp00026wk,2022-04-27T23:16:34.936Z,"Vanuatu region",earthquake,,5.1,,,reviewed,us,hrv
1984-08-26T05:00:45.620Z,-23.594,179.07,559.7,6.4,mw,,,,1,us,usp00026r8,2024-01-17T20:44:21.561Z,"south of the Fiji Islands",earthquake,,,,,reviewed,us,hrv
1984-07-23T16:03:39.620Z,1.384,126.419,25.9,6.4,mw,,,,1.3,us,usp00025y3,2022-04-27T23:18:08.273Z,"125 km WNW of Ternate, Indonesia",earthquake,,3.1,,,reviewed,us,hrv
1984-07-02T04:50:44.130Z,16.804,-98.441,46.6,6.4,mw,,,,1,us,usp00025ev,2022-04-27T23:16:48.524Z,"1 km E of Chacalapa, Mexico",earthquake,,2.7,,,reviewed,us,nc
1984-06-22T15:55:28.400Z,-58.318,-15.786,10,6.4,mw,,,,1.2,us,usp000256j,2022-04-27T23:21:17.851Z,"east of the South Sandwich Islands",earthquake,,,,,reviewed,us,nc
1984-05-26T22:42:47.350Z,-10.896,164.183,26.5,6.4,mw,,,,1.2,us,usp00024nd,2022-04-27T23:25:01.776Z,"177 km W of Lata, Solomon Islands",earthquake,,8,,,reviewed,us,hrv
1984-05-25T23:53:51.930Z,-54.976,-135.688,10,6.4,mw,,,,1.4,us,usp00024mr,2022-04-27T23:24:43.015Z,"Pacific-Antarctic Ridge",earthquake,,,,,reviewed,us,hrv
1984-04-22T03:33:00.580Z,-21.866,-179.375,593.2,6.4,mw,,,,0.9,us,usp00023sa,2022-04-27T23:27:06.398Z,"Fiji region",earthquake,,,,,reviewed,us,hrv
1984-02-16T17:18:41.610Z,36.431,70.826,207.6,6.4,mw,,,,1,us,usp000221d,2022-04-27T23:35:30.756Z,"48 km S of Jurm, Afghanistan",earthquake,,3.6,,,reviewed,us,hrv
1984-02-08T00:39:51.090Z,-9.815,160.268,27,6.4,mw,,,,1,us,usp00021ub,2022-04-27T23:34:23.574Z,"54 km SE of Honiara, Solomon Islands",earthquake,,2.7,,,reviewed,us,hrv
1984-02-01T07:28:28.700Z,49.063,146.59,573.4,6.4,mw,,,,0.9,us,usp00021qe,2022-04-27T23:33:08.205Z,"255 km E of Poronaysk, Russia",earthquake,,2,,,reviewed,us,nc
1984-01-02T22:09:58.140Z,-56.745,-142.655,10,6.4,mw,,,,1.4,us,usp00020zz,2022-04-27T23:37:16.257Z,"Pacific-Antarctic Ridge",earthquake,,,,,reviewed,us,hrv
1983-12-22T01:02:02.430Z,-5.392,151.868,26,6.4,mw,,,,1.2,us,usp00020q3,2022-04-27T23:42:08.268Z,"124 km SSW of Kokopo, Papua New Guinea",earthquake,,2.6,,,reviewed,us,nc
1983-12-15T14:11:24.780Z,-3.155,145.393,23.8,6.4,mw,,,,1,us,usp00020gt,2022-04-27T23:41:22.421Z,"178 km NE of Angoram, Papua New Guinea",earthquake,,1.8,,,reviewed,us,nc
1983-12-12T09:26:07.000Z,-7.583,127.288,136.9,6.4,mw,,,,1.1,us,usp00020eu,2022-04-27T23:40:39.228Z,"108 km NNE of Lospalos, Timor Leste",earthquake,,1.1,,,reviewed,us,nc
1983-12-11T09:13:49.230Z,8.137,137.239,23.9,6.4,mw,,,,1.2,us,usp00020dr,2022-04-27T23:40:35.685Z,"180 km SSW of Colonia, Micronesia",earthquake,,,,,reviewed,us,nc
1983-11-07T16:26:31.750Z,1.413,128.154,39,6.4,ms,,,,1.3,us,usp0001zmq,2022-04-27T23:44:27.399Z,"38 km SSE of Tobelo, Indonesia",earthquake,,,,21,reviewed,us,us
1983-10-31T17:37:56.290Z,-9.016,119.18,83.4,6.4,mw,,,,1.2,us,usp0001zf2,2022-04-27T23:49:29.500Z,"58 km SW of Komodo, Indonesia",earthquake,,,,,reviewed,us,nc
1983-10-17T19:36:21.470Z,37.588,-17.52,10,6.4,mw,,,,1.1,us,usp0001z2b,2022-04-27T23:48:17.544Z,"Azores-Cape St. Vincent Ridge",earthquake,,,,,reviewed,us,nc
1983-09-07T19:22:05.150Z,60.976,-147.5,45,6.4,mw,,,,0.9,us,usp0001y6d,2022-04-27T23:49:58.854Z,"46 km WNW of Tatitlek, Alaska",earthquake,,1.3,,,reviewed,us,nc
1983-07-24T23:38:09.840Z,-8.141,119.504,48.1,6.4,mw,,,,1.2,us,usp0001x38,2022-04-27T23:55:57.166Z,"49 km N of Komodo, Indonesia",earthquake,,3.1,,,reviewed,us,nc
1983-07-05T11:11:39.890Z,-22.599,171.02,33,6.4,mw,,,,1.1,us,usp0001wk4,2022-04-27T23:54:28.432Z,"southeast of the Loyalty Islands",earthquake,,,,,reviewed,us,nc
1983-06-21T14:48:07.340Z,24.199,122.422,36.9,6.4,mw,,,,1,us,usp0001w8q,2022-04-27T23:58:04.578Z,"65 km WSW of Yonakuni, Japan",earthquake,,2.2,,,reviewed,us,nc
1983-04-24T09:08:47.850Z,-8.875,157.669,12.4,6.4,mw,,,,1.3,us,usp0001ur5,2022-04-28T00:07:53.153Z,"124 km SE of Gizo, Solomon Islands",earthquake,,4.1,,,reviewed,us,nc
1983-03-23T23:51:06.510Z,38.294,20.262,19.1,6.4,mw,,,,1.3,us,usp0001twa,2022-04-28T00:10:54.795Z,"18 km NW of Lixoúri, Greece",earthquake,,2.5,,,reviewed,us,nc
1983-03-23T06:09:28.870Z,-6.514,154.603,35,6.4,mw,,,,1.3,us,usp0001tv0,2022-04-28T00:10:44.839Z,"99 km WSW of Panguna, Papua New Guinea",earthquake,,3.6,,,reviewed,us,nc
1983-03-20T13:45:49.060Z,-4.694,153.161,80.1,6.4,mw,,,,1,us,usp0001tsn,2022-04-28T00:10:36.522Z,"106 km ESE of Kokopo, Papua New Guinea",earthquake,,2.9,,,reviewed,us,nc
1983-02-26T07:10:59.160Z,49.243,155.601,56,6.4,mw,,,,0.9,us,usp0001tb9,2022-04-28T00:14:00.462Z,"163 km SSW of Severo-Kuril’sk, Russia",earthquake,,4.3,,,reviewed,us,nc
1983-02-20T10:49:54.110Z,5.546,126.246,60.5,6.4,mw,,,,1.2,us,usp0001t6s,2022-04-28T00:13:34.161Z,"78 km ESE of Caburan, Philippines",earthquake,,2,,,reviewed,us,nc
1983-01-26T04:43:20.580Z,-49.556,-114.079,10,6.4,mw,,,,1.4,us,usp0001sm6,2022-04-28T00:17:17.624Z,"southern East Pacific Rise",earthquake,,,,,reviewed,us,nc
1983-01-08T11:21:29.540Z,-15.394,-173.33,33,6.4,mw,,,,1.1,us,usp0001s30,2022-04-28T00:15:22.868Z,"Tonga",earthquake,,,,,reviewed,us,nc
1982-09-28T15:14:36.790Z,-24.271,-176.674,40,6.4,mw,,,,1.3,us,usp0001pw2,2022-04-28T00:27:27.941Z,"south of the Fiji Islands",earthquake,,,,,reviewed,us,nc
1982-09-14T18:17:02.840Z,-7.23,147.991,36.8,6.4,ms,,,,1.3,us,usp0001pm0,2022-04-28T00:25:58.194Z,"76 km SSE of Finschhafen, Papua New Guinea",earthquake,,8,,14,reviewed,us,us
1982-08-17T22:22:24.430Z,33.772,22.961,31,6.4,mw,,,,1.1,us,usp0001p3w,2022-04-28T00:30:08.543Z,"115 km NNE of Darnah, Libya",earthquake,,,,,reviewed,us,nc
1982-08-07T20:56:22.720Z,-11.143,115.418,33,6.4,mw,,,,1.1,us,usp0001nwj,2022-04-28T00:29:05.033Z,"259 km S of Nusa Dua, Indonesia",earthquake,,,,,reviewed,us,nc
1982-07-31T06:29:15.520Z,51.755,176.137,37.8,6.4,mw,,,,0.9,us,usp0001nrz,2022-04-28T00:33:34.184Z,"235 km ESE of Attu Station, Alaska",earthquake,,4.2,,,reviewed,us,nc
1982-06-02T12:37:34.590Z,-18.083,-172.492,33,6.4,ms,,,,1.2,us,usp0001mnh,2022-04-28T00:33:48.519Z,"169 km ENE of Neiafu, Tonga",earthquake,,,,25,reviewed,us,us
1982-05-31T15:18:55.740Z,7.776,135.777,33,6.4,ms,,,,1.3,us,usp0001mm3,2022-04-28T00:38:08.654Z,"121 km ESE of Kayangel, Palau",earthquake,,,,14,reviewed,us,us
1982-05-31T10:21:15.010Z,55.138,165.401,33,6.4,ms,,,,1.1,us,usp0001mkx,2022-04-28T00:38:07.498Z,"220 km SE of Ust’-Kamchatsk Staryy, Russia",earthquake,,,,17,reviewed,us,us
1982-03-11T10:32:27.100Z,-9.265,118.479,33,6.4,ms,,,,1.3,us,usp0001k2g,2022-04-28T00:40:55.687Z,"80 km S of Dompu, Indonesia",earthquake,,,,15,reviewed,us,us
1982-01-24T06:08:56.660Z,14.085,124.347,37.2,6.4,ms,,,,1.2,us,usp0001j95,2022-04-28T00:45:37.764Z,"19 km ENE of Pandan, Philippines",earthquake,,3.4,,18,reviewed,us,us
1981-10-09T12:19:40.230Z,-9.979,162.046,50.2,6.4,ms,,,,1,us,usp0001gca,2022-04-28T00:50:49.415Z,"54 km NNE of Kirakira, Solomon Islands",earthquake,,5.2,,17,reviewed,us,us
1981-07-07T21:10:57.780Z,-0.166,-18.837,10,6.4,ms,,,,1.1,us,usp0001ejv,2022-04-28T00:59:43.465Z,"central Mid-Atlantic Ridge",earthquake,,,,22,reviewed,us,us
1981-06-03T05:47:44.440Z,-35.56,-17.04,10,6.4,ms,,,,1.1,us,usp0001e00,2022-04-28T01:02:24.567Z,"southern Mid-Atlantic Ridge",earthquake,,,,22,reviewed,us,us
1981-05-06T21:36:06.810Z,-1.886,-80.885,33,6.4,ms,,,,1,us,usp0001djh,2022-04-28T01:04:01.083Z,"37 km NNE of Salinas, Ecuador",earthquake,,,,12,reviewed,us,us
1981-03-06T19:42:59.500Z,3.893,-85.915,33,6.4,ms,,,,0.8,us,usp0001cjt,2022-04-28T01:08:30.763Z,"off the coast of Central America",earthquake,,,,14,reviewed,us,us
1981-03-04T21:58:05.940Z,38.209,23.288,28.5,6.4,ms,,,,1.1,us,usp0001ch4,2022-04-28T01:08:15.489Z,"3 km WSW of Erythrés, Greece",earthquake,,2.1,,8,reviewed,us,us
1981-02-25T02:35:53.380Z,38.125,23.141,33,6.4,ms,,,,1.2,us,usp0001ccv,2022-04-28T01:12:35.442Z,"13 km SSW of Kaparéllion, Greece",earthquake,,,,11,reviewed,us,us
1981-01-22T19:34:40.100Z,38.215,142.672,20,6.4,ms,,,,,us,usp0001buy,2022-04-28T01:15:11.145Z,"122 km E of Ishinomaki, Japan",earthquake,,,,,reviewed,us,us
1980-10-29T17:44:14.000Z,-21.492,169.469,33,6.4,ms,,,,,us,usp0001ajt,2022-04-28T01:25:53.319Z,"164 km E of Tadine, New Caledonia",earthquake,,,,,reviewed,us,us
1980-10-24T14:53:35.100Z,18.211,-98.24,72,6.4,mb,,,,,us,usp0001ae2,2022-04-28T01:25:26.025Z,"1 km NE of Piaxtla, Mexico",earthquake,,,,,reviewed,us,us
1980-08-09T05:45:09.500Z,15.888,-88.516,22,6.4,ms,,,,,us,usp00019aw,2022-04-28T01:29:36.211Z,"19 km NNE of Puerto Barrios, Guatemala",earthquake,,,,,reviewed,us,us
1980-07-09T02:11:52.800Z,39.269,23.041,14,6.4,ms,,,,,us,usp00018r8,2022-04-28T01:31:53.517Z,"6 km S of Áno Lekhónia, Greece",earthquake,,,,,reviewed,us,us
1980-05-09T22:32:42.700Z,-55.835,147.248,10,6.4,ms,,,,,us,usp000174h,2022-04-28T01:35:57.932Z,"west of Macquarie Island",earthquake,,,,,reviewed,us,us
1980-02-03T11:58:39.800Z,-17.649,-171.184,33,6.4,ms,,,,,us,usp00015a6,2022-04-28T01:43:27.955Z,"Tonga region",earthquake,,,,,reviewed,us,us
1979-11-23T23:40:29.800Z,4.805,-76.217,108,6.4,mb,,,,,us,usp000145h,2022-04-27T14:49:10.910Z,"4 km N of El Cairo, Colombia",earthquake,,,,,reviewed,us,us
1979-10-15T23:16:53.910Z,32.6673333,-115.3591667,15,6.4,mw,78,168,,0.5,ci,ci3352060,2023-08-21T02:19:07.476Z,"10km E of Mexicali, B.C., MX",earthquake,1.26,31.61,0.288,2,reviewed,ci,ci
1979-08-24T04:26:54.200Z,8.951,-83.483,40,6.4,ms,,,,,us,usp00012kf,2022-04-27T14:58:18.953Z,"4 km ESE of Ciudad Cortés, Costa Rica",earthquake,,,,,reviewed,us,us
1979-08-05T00:53:45.900Z,-22.715,-177.494,181,6.4,mb,,,,,us,usp000127u,2022-04-27T14:57:24.620Z,"292 km SW of Haveluloto, Tonga",earthquake,,,,,reviewed,us,us
1979-05-20T08:14:00.100Z,56.647,-156.725,71,6.4,mb,,,,,us,usp00010rm,2022-04-27T15:06:01.856Z,"104 km SSE of Ugashik, Alaska",earthquake,,,,,reviewed,us,us
1979-05-01T13:03:37.100Z,-21.244,169.798,79,6.4,mb,,,,,us,usp00010d8,2022-04-27T15:03:53.647Z,"196 km SSE of Isangel, Vanuatu",earthquake,,,,,reviewed,us,us
1979-02-20T06:32:32.200Z,40.232,143.703,10,6.4,ms,,,,,us,usp0000yxm,2022-04-27T15:15:14.703Z,"164 km ENE of Miyako, Japan",earthquake,,,,,reviewed,us,us
1979-01-25T04:08:14.200Z,-29.937,-177.455,14,6.4,ms,,,,,us,usp0000yk3,2022-04-27T15:17:05.144Z,"Kermadec Islands, New Zealand",earthquake,,,,,reviewed,us,us
1978-08-15T12:37:12.800Z,-30.529,-178.182,33,6.4,ms,,,,,us,usp0000w2v,2022-04-27T15:29:35.604Z,"Kermadec Islands, New Zealand",earthquake,,,,,reviewed,us,us
1978-07-02T04:01:33.300Z,-15.328,-175.489,25,6.4,ms,,,,,us,usp0000vd1,2022-04-27T15:31:34.232Z,"194 km WNW of Hihifo, Tonga",earthquake,,,,,reviewed,us,us
1978-06-24T09:31:42.700Z,-5.06,102.356,33,6.4,ms,,,,,us,usp0000v96,2022-04-27T15:38:11.851Z,"139 km S of Bengkulu, Indonesia",earthquake,,,,,reviewed,us,us
1978-06-20T20:03:21.000Z,40.739,23.229,3,6.4,ms,,,,,us,usp0000v5r,2022-04-27T15:37:48.614Z,"8 km ESE of Kolchikón, Greece",earthquake,,,,,reviewed,us,us
1978-03-23T01:49:33.800Z,43.855,148.939,33,6.4,ms,,,,,us,usp0000tjb,2022-04-27T15:50:59.710Z,"174 km SSE of Kuril’sk, Russia",earthquake,,,,,reviewed,us,us
1978-03-19T01:39:14.000Z,17.026,-99.735,36,6.4,ms,,,,,us,usp0000tfe,2022-04-27T15:50:15.952Z,"4 km NW of Sabanillas, Mexico",earthquake,,,,,reviewed,us,us
1978-01-25T23:18:56.600Z,-5.339,151.676,44,6.4,ms,,,,,us,usp0000spx,2022-04-27T15:58:57.989Z,"128 km SSW of Kokopo, Papua New Guinea",earthquake,,,,,reviewed,us,us
1977-12-13T01:14:18.600Z,17.359,-54.848,33,6.4,ms,,,,,us,usp0000s1h,2022-04-27T16:01:06.663Z,"North Atlantic Ocean",earthquake,,,,,reviewed,us,us
1977-09-04T17:10:30.600Z,51.096,178.265,31,6.4,ms,,,,,us,usp0000qg8,2022-04-27T16:11:34.053Z,"Rat Islands, Aleutian Islands, Alaska",earthquake,,,,,reviewed,us,us
1977-09-04T15:40:57.300Z,51.207,178.388,34,6.4,ms,,,,,us,usp0000qg0,2022-04-27T16:11:31.793Z,"Rat Islands, Aleutian Islands, Alaska",earthquake,,,,,reviewed,us,us
1977-08-31T00:42:05.400Z,7.335,-76.298,33,6.4,ms,,,,,us,usp0000qdu,2022-04-27T16:17:47.619Z,"18 km ENE of Mutatá, Colombia",earthquake,,,,,reviewed,us,us
1976-08-21T21:49:54.200Z,32.571,104.249,33,6.4,ms,,,,,us,usp0000hzv,2022-04-27T16:55:41.855Z,"99 km NNW of Jiangyou, China",earthquake,,,,,reviewed,us,us
1976-08-12T23:26:46.200Z,26.68,97.07,27,6.4,mb,,,,,us,usp0000htr,2022-04-27T16:54:56.124Z,"58 km NNE of Sarupathar, India",earthquake,,,,,reviewed,us,us
1976-06-07T14:26:39.100Z,17.403,-100.635,45,6.4,ms,,,,,us,usp0000gs7,2022-04-27T17:01:11.027Z,"19 km N of El Súchil, Mexico",earthquake,,,,,reviewed,us,us
1976-06-07T07:36:55.400Z,14.087,124.829,33,6.4,ms,,,,,us,usp0000gs3,2022-04-27T17:01:04.690Z,"58 km NE of Gigmoto, Philippines",earthquake,,,,,reviewed,us,us
1976-05-11T16:59:48.200Z,37.56,20.352,33,6.4,ms,,,,,us,usp0000g9n,2022-04-27T17:06:50.441Z,"45 km WSW of Lithakiá, Greece",earthquake,,,,,reviewed,us,us
1976-04-06T13:49:10.800Z,-3.873,152.092,21,6.4,ms,,,,,us,usp0000fsm,2022-04-27T17:10:37.653Z,"37 km NNW of Rabaul, Papua New Guinea",earthquake,,,,,reviewed,us,us
1976-03-04T02:50:00.500Z,-14.744,167.104,90,6.4,mb,,,,,us,usp0000fac,2022-04-27T17:13:01.794Z,"33 km N of Port-Olry, Vanuatu",earthquake,,,,,reviewed,us,us
1976-01-23T05:45:30.500Z,-7.478,119.905,614,6.4,mb,,,,,us,usp0000ep4,2022-04-27T17:22:37.155Z,"112 km N of Labuan Bajo, Indonesia",earthquake,,,,,reviewed,us,us
1976-01-13T13:29:19.500Z,66.157,-16.582,33,6.4,ms,,,,,us,usp0000edq,2022-04-27T17:21:05.311Z,"36 km ENE of Norðurþing, Iceland",earthquake,,,,,reviewed,us,us
1975-10-28T14:30:00.200Z,37.29,-116.411,0,6.4,mb,,,,,us,usp0000dat,2016-01-29T22:01:19.580Z,"52 km NE of Beatty, Nevada",nuclear explosion,,,,,reviewed,a,us
1975-10-03T17:31:35.800Z,30.413,66.35,33,6.4,ms,,,,,us,usp0000d1h,2022-04-27T17:29:21.208Z,"56 km S of Chaman, Pakistan",earthquake,,,,,reviewed,us,us
1975-09-11T21:59:57.200Z,6.989,-104.275,33,6.4,mb,,,,,us,usp0000cs5,2022-04-27T17:32:26.347Z,"Galapagos Triple Junction region",earthquake,,,,,reviewed,us,us
1975-08-23T08:59:57.900Z,73.369,54.641,0,6.4,mb,,,,,us,usp0000cjx,2014-11-06T23:21:31.744Z,"Novaya Zemlya, Russia",explosion,,,,,reviewed,us,us
1975-06-13T18:08:11.700Z,43.489,147.709,19,6.4,ms,,,,,us,usp0000bgu,2022-04-27T17:42:13.630Z,"86 km ESE of Shikotan, Russia",earthquake,,,,,reviewed,us,us
1975-02-07T04:51:44.000Z,-7.288,149.513,33,6.4,ms,,,,,us,usp00009tx,2022-04-27T17:53:11.181Z,"119 km S of Kandrian, Papua New Guinea",earthquake,,,,,reviewed,us,us
1974-10-09T07:32:02.200Z,44.724,150.119,49,6.4,ms,,,,,us,usp00008b5,2022-04-27T18:04:01.025Z,"185 km ESE of Kuril’sk, Russia",earthquake,,,,,reviewed,us,us
1974-08-29T09:59:55.500Z,73.366,55.094,0,6.4,mb,,,,,us,usp00007ug,2015-06-16T17:19:00.995Z,"Novaya Zemlya, Russia",nuclear explosion,,,,,reviewed,us,us
1974-05-11T06:14:08.600Z,19.74,147.274,6,6.4,mb,,,,,us,usp000069z,2022-04-27T18:22:51.137Z,"Mariana Islands region",earthquake,,,,,reviewed,us,us
1974-01-02T10:42:29.900Z,-22.538,-68.397,105,6.4,mb,,,,,us,usp00004sg,2022-04-27T18:30:08.474Z,"45 km NNW of San Pedro de Atacama, Chile",earthquake,,,,,reviewed,us,us
1973-12-28T05:31:06.400Z,-23.871,179.96,549,6.4,mb,,,,,us,usp00004p7,2022-04-27T18:34:06.621Z,"south of the Fiji Islands",earthquake,,,,,reviewed,us,us
1973-11-06T09:36:05.000Z,51.619,-175.404,34,6.4,ms,,,,,us,usp000042d,2022-04-27T18:34:52.829Z,"89 km ESE of Adak, Alaska",earthquake,,,,,reviewed,us,us
1973-10-09T07:57:31.000Z,-14.233,167.228,9,6.4,ms,,,,,us,usp00003ry,2022-04-27T18:38:41.738Z,"52 km SW of Sola, Vanuatu",earthquake,,,,,reviewed,us,us
1973-09-18T13:32:51.500Z,-54.518,-132.624,33,6.4,ms,,,,,us,usp00003fm,2022-04-27T18:40:05.931Z,"Pacific-Antarctic Ridge",earthquake,,,,,reviewed,us,us
1973-08-16T03:58:10.700Z,23.052,101.11,33,6.4,ms,,,,,us,usp0000338,2022-04-27T18:43:01.569Z,"123 km NNE of Jinghong, China",earthquake,,,,,reviewed,us,us
1973-04-17T12:34:26.500Z,-4.439,134.03,33,6.4,ms,,,,,us,usp00001eb,2022-04-27T18:55:01.317Z,"193 km NE of Tual, Indonesia",earthquake,,,,,reviewed,us,us
1973-04-08T12:41:02.000Z,-15.779,167.218,35,6.4,ms,,,,,us,usp00001ag,2022-04-27T18:54:03.445Z,"29 km SSE of Luganville, Vanuatu",earthquake,,,,,reviewed,us,us
1973-02-25T05:35:55.400Z,-61.037,-37.881,33,6.4,mb,,,,,us,usp00000py,2022-04-27T19:01:42.450Z,"Scotia Sea",earthquake,,,,,reviewed,us,us
